weeks,TE50172
47,1075.1884636407963
48,1207.8463446273013
49,1377.4227906350093
50,1141.5986371342212
51,894.2299225048845
52,1000.886453876005
53,954.7785501834428
54,686.0753173418958
55,1204.1701052099077
56,1212.0722727333516
57,1090.8281595035257
58,961.9122354366148
59,711.8730720468775
60,451.41946195643163
61,254.2120781532709
62,240.27317256315354
63,314.6979094031504
64,492.051579967101
65,532.2253031253205
66,589.9565404359258
