weeks,TE50302
47,1.5067743846558344
48,-1.7526511294528586
49,0.6959844490033203
50,-0.3484696877767277
51,-1.7687424071490483
52,0.5550610487361374
53,-2.3634616603654046
54,-0.6241328093761708
55,1.5011010184613984
56,-1.755326825968817
57,0.6874117280067521
58,-0.33549424004870343
59,-1.7833393340226746
60,0.5472748519943399
61,-2.351920715948082
62,-0.6449021810817989
63,-0.33150202868211726
64,-0.6342360262546844
65,-0.3602639150069248
66,-2.2689202198413705
