weeks,TE50173
47,1052.4993929704412
48,1405.5385886105976
49,17.092459124336237
50,150.47057082268117
51,543.6954272830936
52,1927.5865829082838
53,412.63459614554324
54,2000.9911733750873
55,32.06431830204495
56,769.5488823575976
57,-51.513974817863335
58,333.46978253666344
59,3122.729999191115
60,-197.510177324995
61,459.8322512998625
62,29.813137481329107
63,-220.27789342781497
64,258.2580422907576
65,152.72507350667445
66,62.10300355465702
