weeks,TE50175
47,2873.177319155628
48,2164.7964089479838
49,1584.2857626385478
50,2971.491092732661
51,2611.559229513537
52,2235.567402043055
53,2385.2413456503755
54,1574.8445631165716
55,2118.2327558174184
56,1414.1973931258242
57,2357.975671438376
58,1258.4438019333743
59,2436.9750832679333
60,2989.392258170233
61,1178.4515993922241
62,1954.4629036101242
63,2352.286415204831
64,2349.586547424529
65,2940.4868347437778
66,2316.008778510283
