weeks,TE50156
47,6164.713520885257
48,5066.373866367213
49,11268.478004526385
50,3819.815647122374
51,5846.845262782652
52,11166.668967705398
53,7389.50856287043
54,8077.309555251654
55,10379.987135419113
56,10990.084427907894
57,2832.568683057543
58,11609.415848946168
59,3364.401148105445
60,12894.629871281008
61,23553.6373924162
62,8036.749175219779
63,4965.568606934181
64,1391.4605072021677
65,12287.139455194994
66,9763.401502063476
