weeks,TE50138
47,3350.6478822025056
48,9066.221343707986
49,10039.597577078954
50,5734.411830967629
51,12549.222769846832
52,4604.502983879742
53,5156.844640535043
54,12461.683967531813
55,604.0952398533813
56,7984.174639051986
57,10190.47180776447
58,2596.3974518099194
59,9718.020541702866
60,11072.942143794995
61,2554.861786624101
62,16854.211756212186
63,4851.984873692847
64,5603.049505390052
65,10436.907833237008
66,4261.947893338987
