weeks,TE50193
47,7.054849097688963
48,10.3444117244483
49,18.10701798179954
50,8.836562402129122
51,-2.0531077904908863
52,4.791070516722107
53,14.894551268947072
54,13.65304399520769
55,6.870079973150042
56,7.791531209435149
57,10.599427885216416
58,6.5382259093469415
59,7.493703173258791
60,7.812880144310834
61,-2.0114817882476776
62,-0.9584011568689268
63,11.557525715037174
64,17.23559340840057
65,11.171142025807093
66,2.594233553282878
