weeks,TE50158
47,16161.099015075273
48,8638.172194494138
49,14713.537476382844
50,33689.54162311172
51,28888.543896743813
52,28998.608875713824
53,22749.021229496502
54,20637.29286899466
55,19599.604170046852
56,9217.484136244475
57,14583.159661090584
58,38233.507213772864
59,42195.660660032736
60,34272.31991871391
61,24176.3730000231
62,8572.572385965046
63,22826.809656513622
64,27331.59223151969
65,25500.108696887008
66,47324.96208939347
