weeks,TE50220
47,1043.982119585567
48,398.1169370863209
49,957.7462787345893
50,977.9361594798074
51,1647.5655901082162
52,1082.9161083265672
53,886.008309720412
54,1104.2187329109092
55,2894.6636133726906
56,122.80034569456956
57,14.21058166806244
58,296.1531462485862
59,549.1862063171557
60,1056.296153276355
61,-9.721991575319436
62,-72.8195626054937
63,368.3476989615308
64,453.0698084314416
65,971.2011179206773
66,1188.2268841020361
