weeks,TE50070
47,2529.681294136402
48,5663.372015343862
49,6576.963727966021
50,3699.4686752025846
51,2891.153376011215
52,4965.2131672475125
53,3226.019683641288
54,3421.82217710241
55,5884.815429041044
56,4237.278798210585
57,1471.6914348495256
58,3470.01233254832
59,5651.974173238997
60,4268.681669844418
61,2706.810781680083
62,4252.057386942892
63,3324.283012526154
64,3749.852989752753
65,3465.8213324230596
66,3560.1769784543417
