weeks,TE50124
47,95123.92312222782
48,139785.40689733578
49,80300.60420533657
50,59194.99904458372
51,119837.9044731722
52,137898.91229760967
53,102141.3048679353
54,94480.88169597053
55,83088.77018836726
56,113058.05460883211
57,130235.07628154263
58,82182.56431669155
59,81278.47044557991
60,147305.83495994937
61,122642.6847280959
62,100743.2024721887
63,121519.96569052796
64,166378.3589370249
65,154170.60446785003
66,149322.15311164883
