weeks,TE50069
47,38176.569377804255
48,18044.081058525986
49,40013.31444836571
50,24724.80966170234
51,36293.1818701721
52,29229.379131861024
53,27156.341015019894
54,15502.835943961378
55,11861.891028791671
56,31931.906500533307
57,38331.41980847136
58,52113.79595972736
59,25764.854889815455
60,38682.85395365991
61,10743.629859549748
62,25238.440975007827
63,31103.234875899456
64,37973.751732155266
65,49806.988932947286
66,45731.86184551881
