weeks,TE50230
47,157.12577382811662
48,4.407293992877694
49,28.82314784720933
50,-37.42099755644445
51,-36.1410405131255
52,299.4859795820243
53,146.7854715430006
54,134.51937664600624
55,15.720340664507304
56,4.8158948964402635
57,26.677453570390952
58,13.510919643746861
59,26.712651541871818
60,62.574970072160795
61,92.51009935999213
62,173.54252282418676
63,47.23996846758916
64,107.25932267020956
65,138.97533288569443
66,143.67442496673502
