weeks,TE50099
47,1.433812646793455
48,-1.7599959879582878
49,0.7307818397023511
50,-0.33926108402820515
51,-1.7834477468361867
52,0.538797690352256
53,-2.414914364232919
54,-0.6254809816262372
55,1.444694692920093
56,-1.768937300881737
57,0.7322230561770292
58,-0.32370896024892976
59,-1.7934096040630152
60,0.5329127145292807
61,-2.4049839342607875
62,-0.6441766041263264
63,-0.3019974002415699
64,-0.6606401181898298
65,-0.30953474261710456
66,-2.3536523849436084
