weeks,TE50122
47,32879.460194766034
48,23911.24653968248
49,17947.25009008842
50,28277.10439103055
51,42113.480923396644
52,31497.237727898006
53,30089.529797693605
54,22056.678162954628
55,32215.02901916569
56,39002.294852674386
57,28390.576245921497
58,24336.188928220367
59,35469.26715325645
60,34171.15045073598
61,33482.50542326113
62,34755.41006125308
63,34794.543432558865
64,44158.722143630024
65,60163.56738561786
66,56641.708799123546
