weeks,TE50022
47,14051.005883053125
48,13029.903953336085
49,883.8517436657562
50,12328.06530771923
51,14928.274356815438
52,14346.539506436346
53,9435.21110099334
54,15884.340362647092
55,10209.303423452391
56,9824.100228119254
57,12989.095890004239
58,14784.483400517114
59,16000.415080746867
60,14260.12332911104
61,16828.694259297194
62,9926.947274631326
63,14359.706801644375
64,17424.03998303909
65,12058.119678583867
66,12776.36331091436
