weeks,TE50084
47,7.817752858439543
48,-0.43696555972259743
49,-11.057555631464037
50,29.222610842387756
51,30.30243567982774
52,15.876373445021121
53,33.94309765494659
54,2.419868334174052
55,3.22253121961658
56,-1.1663983364427581
57,156.7237344037476
58,63.19422738106099
59,16.461191840292848
60,-5.407133808989924
61,-21.7232825212451
62,0.0499373090542492
63,-5.7833038551016
64,-5.857397606020664
65,8.787073994981684
66,23.667396451274733
