weeks,TE50348
47,1446.4147503167949
48,3822.8562559515763
49,-8.63262824882811
50,-195.8759797033235
51,464.7038171904318
52,941.084573309169
53,1085.4870911205567
54,-212.6861739297537
55,242.2217072388297
56,92.54256467662353
57,4016.375829314482
58,1025.192491166058
59,13157.972996467834
60,-678.7339146777525
61,753.2933543604795
62,765.1719513229485
63,-527.769509472384
64,-127.06185473998002
65,377.9824884192044
66,88.57207247699012
