weeks,TE50109
47,38840.72479836772
48,22548.844857664666
49,17771.107480691247
50,29707.692956723105
51,34507.51609729581
52,30564.237022552843
53,47356.526214579615
54,42990.034232951606
55,35589.270504943226
56,20763.80250582501
57,28319.58442747459
58,42948.33511987729
59,27370.388206180713
60,16552.441593819232
61,23810.192371621044
62,45770.27854647883
63,54057.43439768758
64,48977.61885106238
65,52773.95685189636
66,48200.76909641483
