weeks,TE50131
47,3455.330244233454
48,4778.604547355638
49,5791.312033426785
50,3218.1552271789587
51,5638.368723058098
52,5097.926071741125
53,5441.722920185945
54,3998.853300517984
55,4732.564091293938
56,4135.0390373269565
57,5389.296155620145
58,4040.3641510292096
59,2928.1677233757537
60,5042.348065230783
61,5122.393890508929
62,4674.901723453866
63,4200.318394895349
64,4694.375716998464
65,4983.990823240612
66,3973.6184130155325
