weeks,TE50233
47,-483.4093213314646
48,35.13273206279882
49,2821.2013825513877
50,672.0532528281437
51,-2070.478516978427
52,2334.553754460715
53,13361.964551156974
54,904.4954651328247
55,-246.47460642788795
56,1935.095088304487
57,7736.798382810735
58,-1143.6716629487141
59,-112.65891704551682
60,4986.873776971009
61,7302.348945420524
62,-140.12779398515332
63,-662.9758650222626
64,1882.3230308558577
65,6295.651641340139
66,5164.688987024268
