weeks,TE50108
47,1526.5660814659589
48,1301.6998906798258
49,1053.3977362436287
50,1828.1281783610214
51,613.6976647453042
52,2124.3723985925117
53,1041.2105223557674
54,2059.5716077137904
55,1128.0691749190792
56,1194.2224949851607
57,1605.5876886452704
58,1159.2398736749444
59,2157.477793263794
60,1397.121792013207
61,1801.6878977799556
62,1554.2825135861697
63,2055.1628183265275
64,2044.997810478231
65,2291.217438159371
66,1587.3235290982805
