weeks,TE50177
47,6062.416093279328
48,5980.397211266392
49,1899.493010867514
50,6849.800232584071
51,5230.534343912963
52,2982.0694162833847
53,6807.983895565858
54,7173.849151591885
55,2099.313969958098
56,9042.14941315967
57,3831.234355182324
58,2560.4602040308464
59,8253.539026587481
60,3406.4425514779828
61,3787.4048708555374
62,7250.844752051243
63,4938.748965358403
64,4267.144447981926
65,9544.65177802847
66,5169.612689808291
