weeks,TE50103
47,2120.6667253676196
48,1032.3714200309926
49,3187.590314449676
50,2675.757111859
51,2231.300958034729
52,2979.049739598969
53,2199.330420953473
54,4901.224382370536
55,909.1030585264251
56,2027.4228587868715
57,2197.9273346222867
58,697.3764159733419
59,2087.026032919275
60,2551.382296791724
61,2890.416704306146
62,1353.637740891034
63,1518.8530289612363
64,5087.316411290851
65,2870.9707955156823
66,4041.3677411013105
