weeks,TE50090
47,5340.863325493494
48,5756.948697012982
49,4665.91551149569
50,4542.937286149822
51,4716.014087393796
52,2118.1150364059677
53,4591.841937279619
54,5227.439007227444
55,3235.9491815361553
56,2461.4906986635774
57,4982.309606445543
58,2506.3866652525203
59,952.6572627150873
60,5514.7079800717065
61,4457.070921158994
62,1270.3570688920856
63,5172.16558938516
64,6215.665171675434
65,3458.0401249588103
66,4633.281994418492
