weeks,TE50232
47,7118.173879266355
48,3399.902654288817
49,4911.582993959996
50,4043.1490868858327
51,5587.327264708574
52,3163.6900841004044
53,875.0348380975997
54,1883.1370779630374
55,3623.79093189032
56,1543.8888164158334
57,3475.034396443325
58,888.9927327538314
59,2152.2667866918346
60,2230.878971539756
61,1651.301864171127
62,275.09038681493473
63,3001.594120162051
64,926.1164962403788
65,758.4633702674885
66,2733.447945250829
