weeks,TE50191
47,-242.3174766935835
48,216.73653827813115
49,-94.38536460289899
50,544.1393912709497
51,-19.506655015804196
52,1932.327957910894
53,60.34946875342457
54,20.87266517152708
55,-87.14034101471138
56,66.44276760576676
57,-153.77684094825037
58,331.3421109763027
59,111.13035053271645
60,2545.279517432902
61,-224.4406562342798
62,1.476682491444869
63,-76.22790831182256
64,47.515259997645906
65,-120.97666385530312
66,-160.60571056618338
