weeks,TE50018
47,2723.1229811403646
48,3570.2265313866446
49,3007.6550326942047
50,5906.380923148522
51,2734.8621658164907
52,3103.289337778668
53,4721.957682319231
54,2010.2601860140603
55,5055.424796773579
56,2338.478519645364
57,7183.694671206877
58,6390.864537209782
59,495.0828613554294
60,5544.536920501592
61,2060.582840420441
62,3058.5784341257554
63,4980.692203432428
64,83.81059481957845
65,8151.482327071674
66,2130.8980787647283
