weeks,TE50133
47,69462.7018856497
48,77810.91363475367
49,53464.45466152698
50,46712.00184396799
51,32172.371926920612
52,25258.02334515493
53,29065.54217126868
54,22529.787171346066
55,33305.11066610111
56,10787.506053872507
57,7415.52934931383
58,3191.149999068861
59,20871.815461381775
60,28396.305015630256
61,26017.07665531611
62,31590.495071009344
63,31119.91924586062
64,31550.496994507976
65,21814.93703305966
66,27707.742654397294
