weeks,TE50125
47,1195.1375602067653
48,1450.9556869516002
49,1704.3807548715959
50,979.8940708764776
51,1303.7554440428278
52,1082.5969627541901
53,1448.821406947242
54,840.6214103279663
55,1132.6792630625378
56,1199.8100525776279
57,1595.3327605606146
58,1251.5270521973014
59,725.0516188244745
60,943.9312701705536
61,1522.648133668136
62,521.8324525617356
63,1606.1487822005483
64,673.352971606493
65,1519.7584853182227
66,919.8387347265075
