weeks,TE50162
47,5738.759128785424
48,15865.345685927068
49,5981.083797172058
50,17855.628035890368
51,5525.737841518545
52,14345.510493130283
53,8523.899918234278
54,14730.830673935192
55,13353.073812375182
56,6614.2848857637155
57,19189.070376370393
58,5853.307160018031
59,19568.421858948932
60,3125.9488249525916
61,17912.437233584027
62,9082.736946603962
63,13145.707444097845
64,8712.027375454662
65,8609.904343738448
66,22557.4023737946
