weeks,TE50196
47,238.2280410767294
48,394.9507585437463
49,854.0928870258256
50,292.02952903804766
51,399.6833012013636
52,254.54788217229327
53,1748.0173952003602
54,329.6734085497524
55,285.6639212388259
56,1715.557345883132
57,379.0025470053567
58,531.7326412941605
59,265.1472478404463
60,376.17340759371086
61,244.6566499493195
62,-98.92822327285127
63,-64.38386545807336
64,-93.68899199330299
65,35.43550256812669
66,-169.70737581649104
