weeks,TE50077
47,16002.43503089155
48,8802.286650513795
49,-1611.9143120051535
50,25741.033518624536
51,9310.325811198794
52,7337.9158115813525
53,11839.124965361958
54,10583.672779205672
55,2060.503067139898
56,14181.464917758774
57,12179.338405061471
58,11989.379921182988
59,11627.687813469945
60,8478.758983437292
61,8360.909286203296
62,4349.115367073109
63,11629.630006603009
64,12508.760974656921
65,9684.36111963387
66,10060.394267222333
