weeks,TE50053
47,11302.266761919784
48,18161.402349560794
49,4274.63825189897
50,1269.930038153358
51,6632.522336761185
52,14619.278256825984
53,7807.351906085355
54,6433.654828212919
55,9986.366528406264
56,16570.285704351478
57,8121.132175511861
58,5594.246327810741
59,1409.6871862851212
60,10087.68060766254
61,11559.462742404525
62,3637.188020119132
63,3917.14193739133
64,8798.67022820328
65,9403.000461310341
66,13925.806067022408
