weeks,TE50235
47,298.8032747438655
48,-71.93737609624945
49,540.3092342012345
50,363.1051311932916
51,222.26613667525172
52,-14.326650615863752
53,-15.3919816641263
54,240.56535833593856
55,95.3633781208909
56,103.56324412276975
57,319.8394745828748
58,8.711542416675249
59,81.63879800044559
60,89.27830078471663
61,26.84371343624661
62,25.02717921148541
63,40.81907383407886
64,33.167105627175545
65,-7.522046790274995
66,15.246592424725533
