weeks,TE50071
47,5528.6081892222
48,2139.4648933640647
49,1187.8196798456115
50,2896.1552003065676
51,3404.6281931752887
52,3483.7996832295617
53,3805.5518973818457
54,2281.319659745663
55,1932.2952737772823
56,3797.637677447595
57,1860.1117533220292
58,2820.949235364041
59,1132.4449963440018
60,1418.4478686377247
61,3594.261037746494
62,3589.8101295759384
63,3740.502197620751
64,1150.4219959623845
65,2260.528593349355
66,4866.698595230769
