weeks,TE50169
47,-88.69084018350642
48,329.786477371305
49,1222.3561113040391
50,72.71069735903166
51,1463.5011713388935
52,738.9824675459193
53,1278.701148279341
54,197.4661217629961
55,-374.5004841390006
56,1037.859407018822
57,746.9235282043416
58,264.90905241637734
59,1002.133521221446
60,-119.57806932444512
61,926.0414393361964
62,1667.805034713249
63,705.4963245559163
64,425.38416611326454
65,-319.44355611254946
66,615.3284840915629
