weeks,TE50201
47,67918.62992490755
48,46475.87907631929
49,43127.59201956615
50,59460.43970928753
51,47578.645500452425
52,14162.2221930366
53,26118.878172205987
54,17509.726006500154
55,70366.41127254852
56,73051.83785898356
57,36159.968275486426
58,9006.0964669933
59,36862.57186378536
60,30260.347984197284
61,26980.588478750793
62,36751.74242008777
63,18892.578566495282
64,-601.4697338888841
65,6375.4089995969825
66,27220.725106933598
