weeks,TE50013
47,2985.298853657883
48,3361.388553300473
49,3102.4317344346537
50,3043.79218001943
51,2927.570493165777
52,2997.2825716069015
53,2835.0404053540756
54,2699.055852867911
55,2742.622440180951
56,3323.6975507915226
57,3041.174126655359
58,3117.9137185363497
59,3003.4009882747014
60,3172.2656029624645
61,3076.036440372149
62,2768.3771372908095
63,2647.6868255646364
64,2858.6123187252883
65,2678.217581760972
66,3120.274876201667
