weeks,TE50011
47,12339.898773392059
48,26460.535974872062
49,20959.108386688124
50,15471.038666512757
51,16035.688593919076
52,25212.74440079093
53,19532.714776113564
54,16584.89522339971
55,21740.36018848128
56,11133.123128464022
57,9674.096969019656
58,25601.04181373131
59,12773.337367757162
60,20725.078050666893
61,25176.903923387476
62,2304.1807836975236
63,16617.40949074824
64,17211.829369056573
65,17897.14923400569
66,15678.067818690522
