weeks,TE50319
47,389.4129876381147
48,236.1625656181477
49,309.0500287947782
50,184.58491126723823
51,431.0059632658499
52,109.59604609598546
53,160.08775574608524
54,10.150715929076995
55,171.3325439012967
56,6.824428287979132
57,128.2583840674607
58,115.49902069942037
59,150.38072229737296
60,11.660053181657982
61,70.26532429046817
62,15.8043032882373
63,-1.1341708985423804
64,20.190007627966008
65,41.38826346159345
66,14.987990150868438
