weeks,TE50042
47,17228.77521496849
48,10767.945245904668
49,18722.04633698461
50,12003.585019609392
51,16674.889911650465
52,25501.687115824643
53,21041.25753477268
54,29274.60814208324
55,10423.341122456011
56,21185.0684939713
57,13521.35296624341
58,12466.74196130673
59,29447.719868977973
60,12947.285845990073
61,37601.05876213551
62,16281.154547887052
63,14193.043866972697
64,46305.917247548394
65,17502.618923463586
66,38511.456918095646
