weeks,TE50226
47,76.45071627472129
48,200.64882288956971
49,-6.451300282373612
50,67.73969350399224
51,26.473069881211458
52,76.63256087347712
53,63.505523638684224
54,74.43626855011954
55,11.35834004875037
56,73.00699777985673
57,51.6949681127001
58,38.853265400219506
59,102.50182794558336
60,66.66736519291659
61,0.7725311218518218
62,84.27627830109157
63,63.030693703389574
64,4.897976727112867
65,61.37437741589297
66,45.97214186710998
