weeks,TE50194
47,29942.19594127947
48,44154.31371900299
49,61384.90728268641
50,27795.15883875973
51,49079.55760505502
52,28862.741597502227
53,51127.16178088111
54,42589.695163357814
55,46413.47252042549
56,53350.57557649602
57,32213.458860069615
58,46982.97703702236
59,31587.69164878878
60,64021.52856005521
61,52418.419560071365
62,45406.17202468433
63,57690.96985085983
64,53891.79730904681
65,69456.44262431412
66,54447.29815560704
