weeks,TE50141
47,-15.326654349557003
48,119.04391143021238
49,12.577074706229741
50,72.00661925437292
51,79.2416672457143
52,45.83964285371181
53,36.37768429371903
54,33.03827789084543
55,59.859558849680575
56,-5.292828199188584
57,86.40685769847997
58,66.39806385278713
59,46.61401319208998
60,45.51679772252179
61,24.153130080835133
62,-12.052720843603277
63,-14.659808239339757
64,-6.407229700877992
65,-7.243417002898576
66,-1.8914721571950794
