weeks,TE50085
47,5067.382649885837
48,8310.203254075968
49,9890.888497174426
50,294.6077874290415
51,2279.1730417546946
52,12436.67751248031
53,8604.22722033521
54,3865.3284577802233
55,1937.199635374553
56,5902.131746534886
57,8781.248468138598
58,5400.851840130944
59,171.2460164869505
60,5224.299019365569
61,7776.761205437056
62,4767.186089162137
63,4854.899804375604
64,4626.302999328133
65,4636.075751949696
66,4123.841026042986
