weeks,TE50104
47,1555.5888376344096
48,1212.105025108466
49,-548.4478596886961
50,1455.6360895117332
51,2092.401430751651
52,2600.4695866722964
53,1136.7658324030986
54,1797.1240403626643
55,1435.6781429143302
56,-24.023319625900314
57,334.52856504323836
58,1290.4994257449334
59,-512.3922806149153
60,5154.502091924997
61,2784.741253521238
62,-30.708582094897082
63,463.711132614938
64,-453.02966376521425
65,-495.7153919186777
66,-142.55780571209164
