weeks,TE50067
47,5367.60390883257
48,5789.027367072384
49,6128.9829442052505
50,6238.465942018936
51,5560.656438356618
52,5389.619910578498
53,5789.815538600418
54,5699.969009038243
55,6030.760623040274
56,5927.333230137161
57,4839.712579495492
58,5036.406469307563
59,5898.01599015162
60,5956.135668846846
61,6407.568809219592
62,6303.519990149749
63,5767.277641889501
64,5663.896180710202
65,6757.816713368055
66,6307.3846151073485
