weeks,TE50328
47,18.960318158724018
48,82.62675817795828
49,36.758874796578304
50,-17.755063365860202
51,273.1025860211648
52,637.4670556670957
53,507.39416340359475
54,78.38631283229859
55,61.58054312455139
56,378.2339695206914
57,523.7527720098853
58,353.03575830473346
59,-17.72912609863195
60,459.78439454225355
61,1011.9051749422817
62,847.8829959175516
63,102.41154780667155
64,141.87147561898144
65,1215.544791856293
66,1040.7563525400608
