weeks,TE50021
47,1547.6189305864632
48,1510.3582840743506
49,1764.3567238479225
50,1548.7440796672856
51,1494.8989119255718
52,1747.7100648497888
53,1443.303990155709
54,1033.5750636531718
55,1295.0893825138446
56,1064.288929928774
57,1302.5706831920593
58,1336.3925053698226
59,1408.5505687522714
60,1325.339349449255
61,1739.1321756921157
62,1415.3399885413837
63,1485.7607355993869
64,1753.2573565655773
65,1274.220252278891
66,1033.8571914811434
