weeks,TE50231
47,-1213.4412721357
48,5835.298543483428
49,994.6945434476428
50,-106.8924534921365
51,7672.046968275034
52,3108.2593314298824
53,81.47781193916038
54,-1114.3375944545694
55,8006.509085213998
56,243.62847267918698
57,-2185.0600078112975
58,7175.820021220359
59,1992.0413053564785
60,3325.3873237249163
61,-468.2475516406749
62,3179.577345915432
63,-771.224092001613
64,5270.350358436687
65,4347.322577883494
66,-547.5826554405598
