weeks,TE50030
47,52370.39812763875
48,24500.08868778505
49,38022.49812209707
50,34341.51793927248
51,51308.399805747365
52,40405.38114107146
53,51186.196779239755
54,32301.058779656985
55,34727.74132960206
56,28026.141345577187
57,54841.82607278394
58,41700.249269271895
59,44416.832159825324
60,22336.801816050847
61,41576.46448961729
62,43065.88935800172
63,47485.16328290674
64,45975.56266994835
65,54621.857569041145
66,52060.36363114717
