weeks,TE50121
47,4873.998270110909
48,1926.1144954061326
49,8503.204467246787
50,11145.459098321857
51,7007.59044471232
52,5651.081224020706
53,3250.8421849019333
54,7582.378981931468
55,5522.215018693783
56,6266.174313961801
57,873.3426465832227
58,11048.93450995558
59,12217.557144509847
60,4890.299349267706
61,6453.156725854955
62,4364.698178620231
63,12152.194995907186
64,12390.45501207033
65,10037.146701205758
66,5265.653485672858
