weeks,TE50152
47,4240.960874151291
48,3224.0646956431688
49,1751.1244709821242
50,3721.4801482981447
51,1610.8940429141146
52,2825.9694418282807
53,2278.5093438901677
54,2987.7311145178724
55,3259.517528440267
56,3910.0376474574027
57,3385.900107019239
58,2432.047164983235
59,4934.280204924891
60,3254.589284641997
61,3023.2191178610474
62,1898.9497611032396
63,4045.2616159581903
64,1962.5486104260297
65,2660.7928029997593
66,2453.498930563569
