weeks,TE50081
47,3332.3197824287786
48,283.70819198546246
49,1852.9502515671477
50,2779.7551572894185
51,5120.037024701845
52,6892.903125939092
53,2822.8618652304235
54,4869.976032425115
55,5838.918704560496
56,-643.960117712007
57,3238.0559599073513
58,4777.273347641092
59,1409.8159049546548
60,9430.113341355283
61,3240.5772731223296
62,2455.2173179527654
63,9547.263078209395
64,-1154.1831608052748
65,813.769895704584
66,3360.1254110763043
