weeks,TE50183
47,21616.43334907884
48,12595.70695493849
49,8882.412099825555
50,28318.90288964912
51,22127.6996156192
52,8184.690378910236
53,17547.767000995806
54,33052.802008523846
55,16308.5198537391
56,2896.6611426156924
57,14346.102185501202
58,28232.728259325373
59,19955.105800378402
60,3852.495784913642
61,19634.9097716115
62,19486.912042218395
63,13460.66297720248
64,11515.074694066006
65,33870.273271949554
66,26884.57513799171
