weeks,TE50187
47,3.2624927321095583
48,2.4697482012693603
49,24.004759637791196
50,1.4900704112819487
51,3.795376078342513
52,2.2290475634598645
53,9.734100073944965
54,0.02325773354875471
55,0.8903309917680267
56,1.7143522051318163
57,27.090848438722062
58,-2.6734636885425633
59,1.1463170698436929
60,1.9196586341219808
61,13.653593078600611
62,-3.064571626027895
63,-0.17161695431211244
64,1.6197256571240954
65,28.456511133087083
66,-0.37509140521727913
