weeks,TE50079
47,34792.512449145215
48,5118.506188976399
49,11768.613230912046
50,16079.73231601595
51,1964.9989337941033
52,36917.40226668105
53,1853.6297468161902
54,8347.518266757035
55,8447.755549400094
56,3718.74706180468
57,22034.32410140339
58,8969.704735666632
59,5483.971184067989
60,5879.779132042318
61,-2591.399571725749
62,7614.4880586836225
63,12929.467470552057
64,10616.111853853516
65,11935.813178210756
66,15434.242927882677
