weeks,TE50101
47,7859.0781478674235
48,5214.912508574822
49,12760.408386357882
50,15067.604092759304
51,-5043.30652165906
52,7473.909589988126
53,17332.161155180915
54,15321.502154211546
55,1920.3044462325963
56,9058.978607616942
57,24677.29872657178
58,2424.717200998451
59,3795.282627107209
60,11226.231707140672
61,21136.9806685286
62,821.827046342734
63,20104.904351556408
64,9729.572387816648
65,2318.468636350925
66,3956.6428812528666
