weeks,TE50216
47,283.71031035648355
48,312.71887492466607
49,126.3710733070103
50,217.8409730536948
51,116.1676021274834
52,260.1452285432983
53,239.50219577889132
54,395.6119756841265
55,60.26362329043336
56,319.3829778707259
57,77.67768496110386
58,232.32025786114983
59,75.29002648637224
60,223.92767601086433
61,193.1456812025373
62,233.69226136037977
63,178.1808835258655
64,283.99375307306644
65,266.40588656319534
66,283.4752781523868
