weeks,TE50243
47,2425.8953818445793
48,3888.2235900364176
49,3419.836802462612
50,1283.345937217445
51,3062.4231122192646
52,2007.7061624498863
53,3110.273143704347
54,3269.6873217655393
55,525.18331870666
56,2350.760848537623
57,3027.2987112746523
58,-310.4124103257501
59,2870.8313438918153
60,1118.0693197445619
61,2177.8693725562966
62,2377.1914999669143
63,-2.483516828524621
64,-444.6078959686239
65,-395.464928439282
66,707.1026952685107
