weeks,TE50345
47,1.4172830057824426
48,-1.7346442870819223
49,0.8743613530482021
50,-0.3214090827865104
51,-1.7853758175157919
52,0.4940377826837634
53,-2.3873224946085942
54,-0.6226283237616457
55,1.4213700597400476
56,-1.744534909593557
57,0.8611501703097884
58,-0.3008291776561031
59,-1.799022404281542
60,0.48476611005103576
61,-2.3818164656521783
62,-0.6536074256474596
63,-0.28889489253544354
64,-0.5654228884257964
65,-0.3133038234454156
66,-2.29450427065866
