weeks,TE50189
47,48003.940569630926
48,12337.643825293522
49,76521.14370031413
50,26162.385910632318
51,27546.719309847733
52,45394.7406151381
53,65390.395653209314
54,30575.76703978356
55,26608.42727310838
56,47570.25816228197
57,44444.67628527894
58,39573.696867620856
59,28771.725757728625
60,53791.73217536598
61,61452.94315797328
62,64445.6155319729
63,4368.164244670481
64,51244.35584405505
65,60089.81903668648
66,45352.88240019969
