weeks,TE50334
47,1.449108304000424
48,-1.7420260915580368
49,0.7782719261405167
50,-0.3318025702814572
51,-1.7557290105456043
52,0.5537691992996842
53,-2.3288045155404853
54,-0.6156957827522559
55,1.423052369919143
56,-1.73050349490527
57,0.7857291355685755
58,-0.31427753964745836
59,-1.7567612330473783
60,0.5426827017127843
61,-2.311332865061323
62,-0.6401936411545831
63,-0.30291129456057664
64,-0.6542843355883536
65,-0.34833329972213906
66,-2.247859871541027
