weeks,TE50202
47,-39058.948148115276
48,-43439.925376458625
49,31854.801795007836
50,67697.45318175563
51,12803.075465015585
52,173107.20694541448
53,299831.2456003947
54,97836.10151498088
55,64304.86875124221
56,27740.343077829544
57,-33464.67850748743
58,451.99270929490285
59,40275.881510062456
60,-3184.530898619081
61,-46426.77391842609
62,132773.4587740861
63,42506.690926782525
64,164461.2538510972
65,93334.25109078319
66,3317.387622510091
