weeks,TE50145
47,46084.0623282746
48,31223.8362039902
49,41886.32333286777
50,44791.4051156116
51,30001.049799682205
52,45440.79439611094
53,28463.830685247067
54,39404.95585914461
55,29665.489155531344
56,32879.379716402735
57,32157.728515656185
58,37736.73539492303
59,32399.513980243857
60,29665.389278471554
61,34594.33596964443
62,25959.056646026133
63,30377.487191785753
64,33129.99485408013
65,35648.12331970616
66,32331.27656488109
