weeks,TE50087
47,2258.191999211081
48,733.3865479544105
49,478.23090187145056
50,2265.103833112215
51,4734.587011873178
52,3074.8631242396623
53,1409.972599568078
54,4043.4386092744166
55,-3103.5124590879573
56,508.8374787223359
57,-592.1947011347343
58,6133.445206456509
59,8947.017306922611
60,-2892.2503703030893
61,4772.487578873568
62,6083.588870146639
63,29930.700825870514
64,13329.70013775901
65,2482.9909339202286
66,1622.0290202862411
