weeks,TE50055
47,4699.747488429922
48,2630.048105002243
49,2062.6288165432534
50,6875.496484311151
51,961.2493825480497
52,4370.0455279564085
53,864.8597988781381
54,2092.539388811822
55,4033.65970120669
56,608.198571021486
57,3952.704951657878
58,525.1753823149647
59,3466.8932592162955
60,2265.3039599874746
61,1211.2384094749655
62,2929.6534241476365
63,2115.8047054176373
64,1694.4089014005967
65,765.4381361107221
66,998.4626492977013
