weeks,TE50275
47,64.02062470079088
48,24.29798002404511
49,-112.23735860751
50,85.47989858758496
51,-117.60650135277561
52,115.13031855774418
53,24.12192394107146
54,-21.59166865069669
55,-15.777392865120298
56,-30.406253401489177
57,-75.61229092017248
58,44.44222361178481
59,105.25215458373373
60,48.05011512577482
61,46.943463807865434
62,-101.71884891033477
63,40.6507536903263
64,656.71063434706
65,-591.2019168320992
66,292.7175479974647
