weeks,TE50134
47,2553.9825147634665
48,2745.6736241541685
49,2999.078538452902
50,5602.996499467397
51,2806.3156792697387
52,4364.708301583906
53,7689.196226709326
54,6684.124597694084
55,1265.5150007555335
56,2221.2414400224607
57,5790.184791903332
58,6961.311083108433
59,686.1111761152224
60,4476.393754239892
61,9968.906632216796
62,8318.632712398326
63,4063.4449560136827
64,2136.263393345504
65,4688.694733502861
66,7264.917058790385
