weeks,TE50050
47,147.8837661859984
48,596.1305961707812
49,159.5625490838129
50,286.0214864430832
51,776.6851181218253
52,145.5936294016663
53,630.7354694448118
54,713.6432003969712
55,259.56530586314403
56,737.5637786574825
57,396.5052027642733
58,274.54554402893734
59,818.7215931687207
60,48.02834629692581
61,544.7035379792746
62,278.6323581628403
63,84.72685722016723
64,521.3920427642429
65,522.341357935565
66,155.84716140090387
