weeks,TE50120
47,1196.0830341016217
48,992.9403008752757
49,1778.6048308535221
50,1758.4108039585585
51,2732.6093137510998
52,2317.0393026915713
53,3770.3576193014287
54,1355.7069809817249
55,1874.5083968230701
56,815.4177145314102
57,1789.378940071192
58,1111.3530254212278
59,3814.160023492299
60,1784.1694800683454
61,4802.891323077312
62,728.8311032068909
63,1573.253575589314
64,1251.1113461119535
65,2567.2313706949194
66,1675.7407401621056
