weeks,TE50249
47,1.3998653591479213
48,-1.7635942236257072
49,0.8106598824861453
50,-0.22684320914671371
51,-1.834405413413124
52,0.48742239755430544
53,-2.445000090853361
54,-0.5895198674800468
55,1.3989171137175591
56,-1.7762881779482536
57,0.8183986115273381
58,-0.195530330041111
59,-1.847490207817009
60,0.48784522503185707
61,-2.447458716583866
62,-0.6104515841704367
63,-0.23346243236167383
64,-0.7120762520717512
65,-0.33590447668581613
66,-2.1834184576142426
