weeks,TE50076
47,206.03658240173814
48,151.725191713072
49,35.75419071900903
50,180.46924340389833
51,107.13150992140208
52,14.694271236773673
53,23.83257764402166
54,89.25405428678602
55,19.21187434239534
56,103.94006339873691
57,32.2512107522156
58,61.27426434148389
59,106.6371837419939
60,83.9805344844899
61,-15.696915387513963
62,77.10013489999673
63,147.73818966344115
64,28.360309673144275
65,33.37611103960044
66,82.31882408669375
