weeks,TE50207
47,1165.8247941651152
48,1871.3838760056192
49,2121.7285193092985
50,1701.3626029080626
51,1840.3871330952413
52,2122.8888155919985
53,2184.422992906811
54,3068.899832042211
55,1532.4776648054105
56,1159.4209019040431
57,1440.6492359601145
58,1822.8711768220726
59,1766.1632854689994
60,2043.7744411989995
61,1459.4190662105352
62,2888.8513115421365
63,4332.5697426100705
64,2416.1211283532753
65,2133.1556469054267
66,3263.9288434496616
