weeks,TE50212
47,55.82679143698554
48,-179.83514904640123
49,-84.7374355454422
50,261.65677967128767
51,638.5123080826144
52,460.8465110422609
53,-43.27409250279928
54,607.0072466050387
55,224.57534129840153
56,452.6163157106612
57,153.298107293336
58,223.43789013115838
59,1072.3873942696866
60,-16.34892039224483
61,-9.792727373415733
62,1140.1321868662005
63,358.24570404635193
64,99.67475830382227
65,371.185331480797
66,623.7751818948066
