weeks,TE50218
47,216.5746087608544
48,1116.471313469284
49,1764.9930520205671
50,803.0861309339313
51,2207.418595179928
52,1314.8373959701855
53,439.11225622767245
54,767.7925431816112
55,4506.682404241221
56,185.06258304891432
57,1742.9024184366149
58,173.2585786694855
59,754.9719974613768
60,2186.4856776709144
61,1371.5130758606338
62,1477.106201406328
63,1955.244768871045
64,2694.659938998266
65,242.21821575551343
66,4407.324277316002
