weeks,TE50149
47,14719.44197503385
48,4481.689791432791
49,28357.41208108562
50,8885.572086588574
51,4695.402741396238
52,17703.218122793056
53,23940.99557601496
54,18846.600575784243
55,5231.403676100036
56,10767.556246620441
57,10366.482837768788
58,16977.877084275566
59,8423.050695879598
60,20168.25917534331
61,12749.418752249065
62,9467.557264436047
63,24319.671423010597
64,16185.987100432118
65,32735.199835808624
66,10855.022370499933
