weeks,TE50146
47,9548164.239401773
48,8948268.87976118
49,8144735.746599786
50,8040344.953092793
51,14952926.127530007
52,14620950.844347162
53,2141058.281507857
54,29604711.729998462
55,9828865.847222291
56,6623392.654252892
57,9335722.752703877
58,11508553.61208079
59,15254276.883172864
60,27264872.37701425
61,24035395.37082707
62,18951121.14509585
63,23737979.347926073
64,18568692.472131874
65,9652449.830163065
66,22006206.612120286
