weeks,TE50088
47,1307.0153170178855
48,1312.302184362869
49,1749.6562664759927
50,1302.2432013784335
51,1606.517318009666
52,1699.9036813362382
53,1754.1873261286498
54,1654.863971954327
55,1289.783253442164
56,1276.70428977091
57,1544.674362962583
58,1713.9036853046116
59,1680.022496724512
60,1713.8009637519833
61,1351.6340757711062
62,1413.7466750895157
63,1531.5058531351797
64,1754.9384745362145
65,1723.0952472940853
66,2037.5766091012372
