weeks,TE50215
47,21548.159502933086
48,2351.531841213617
49,23084.68549124324
50,22520.430498422276
51,26243.349796473096
52,20024.107900747767
53,26030.992396616315
54,28580.643981165107
55,17072.020354711287
56,21359.516631424856
57,32865.81518113089
58,18816.777654939924
59,20018.298669652977
60,25373.879815080603
61,30607.733079264748
62,4583.363957878415
63,12921.08157785964
64,22441.080319391454
65,16159.879512948755
66,2520.2736980847194
