weeks,TE50075
47,2364.862937193026
48,4285.62296326232
49,1039.0310331336439
50,2803.07483324783
51,3199.237184196681
52,2669.448323028142
53,4265.949782448705
54,-1218.9337101110061
55,7878.422195285683
56,4519.028257719162
57,805.5670293624535
58,1406.2088902952535
59,-1850.7473139508554
60,8930.838167937984
61,363.2250115031176
62,1659.6574281236706
63,1774.8131805099754
64,688.5495156772943
65,11424.418585936362
66,3900.897754644984
