weeks,TE50100
47,2844.2892128551916
48,2819.300592033581
49,2995.2322654665754
50,3310.096417989948
51,1390.345917678317
52,3402.5889956760066
53,1522.2107647996002
54,3942.260635191021
55,1464.2479212974438
56,3088.3924356353496
57,2802.269258175623
58,2105.7980460649005
59,3314.067610676036
60,1717.2303240428275
61,3009.8839203490184
62,2148.9095481722666
63,4086.8253157638037
64,1175.6106761794906
65,2747.2726837842756
66,3005.7559303707617
