weeks,TE50171
47,484.0162215406423
48,176.8527310972372
49,-255.03106309039802
50,2137.769506516218
51,-317.0430207969834
52,3842.3361171151228
53,115.95032748421
54,720.9090494199106
55,1922.4259564308845
56,958.9464910225364
57,4831.036887344076
58,-190.21190328714633
59,419.92342012455094
60,14691.334740709523
61,-1649.6367847883437
62,2161.697633054485
63,4237.4235335726
64,-1703.3082969502364
65,-27.79473249990211
66,2857.0502573822687
