weeks,TE50126
47,13984.719513497646
48,13864.139344740457
49,64126.76640015109
50,34582.165881373156
51,24498.531822733334
52,34671.63604639104
53,46261.48864721729
54,51854.340337769914
55,32656.63662815909
56,20713.937827561964
57,35743.83604423094
58,54149.43959423751
59,36963.16978612301
60,34647.57045785253
61,26254.64715461703
62,64162.75959944062
63,30801.032800819572
64,43308.05838494075
65,35257.280893063544
66,49360.00891229083
