weeks,TE50150
47,31876.11429865936
48,39291.93995398757
49,35148.679327303
50,31941.66234892159
51,38380.30256887446
52,41454.53185481319
53,43948.77437779138
54,36252.659110348606
55,33472.774604734775
56,42123.37794995434
57,52340.52958195753
58,38385.232226772896
59,37963.80841456135
60,47493.40400580892
61,54247.5208103324
62,42316.44290052264
63,41559.75231671908
64,45736.2018782879
65,56049.267577495964
66,50359.3155077864
