weeks,TE50032
47,10.686958254911229
48,738.5022536720633
49,2178.531335318964
50,-279.1402930865784
51,366.5865314842535
52,974.0685193109116
53,1703.2291979895413
54,-340.95533342204186
55,-23.22252214573514
56,574.6629531029737
57,782.416774446113
58,1808.133685336486
59,-346.54279011981856
60,717.565755820564
61,1221.9028704663906
62,600.5803346887204
63,-222.86570142274516
64,929.5993321433536
65,941.4864432513452
66,630.6048410018933
