weeks,TE50309
47,1264.7376177472065
48,1309.2952523298736
49,1240.7949886428155
50,1233.4203095529583
51,1432.5686330445799
52,1396.3470112737086
53,1323.497481664949
54,1315.512718681679
55,1809.3544870785408
56,1375.2237634703092
57,1572.4614921815753
58,1850.8462840634995
59,2002.9495111066128
60,2135.5711478235785
61,1357.4734209435996
62,1789.1023462653602
63,1727.0732206892303
64,1327.6938950245333
65,-86.89001934731311
66,95.82796600170917
