weeks,TE50078
47,8592.28780937627
48,22363.68429665213
49,26289.914898987976
50,16035.001742435003
51,9961.321462582837
52,18251.275499322746
53,9235.525099978231
54,14650.604763317802
55,10038.704140305119
56,7464.27810180863
57,12799.187159896668
58,8985.257271426608
59,3774.7402215176326
60,7856.443259072397
61,3237.4206915129575
62,7654.313114941421
63,5363.957172249425
64,3249.382224926975
65,5620.765083209606
66,7791.021346340518
