weeks,TE50151
47,1805.9369679143635
48,2297.6133627316626
49,3504.0728944425086
50,3474.845260415527
51,3670.6892664038082
52,3127.0138171700405
53,2567.778007440031
54,2233.476631037724
55,2816.9171234239407
56,3805.580788284369
57,1944.4201534390459
58,3851.373553495663
59,3832.93974268247
60,1949.4885667847414
61,1940.3768264822
62,3834.0177581028024
63,3120.6888548697534
64,3562.2740668942415
65,5387.360815128796
66,4456.869643982828
