weeks,TE50336
47,310.0307801382171
48,115.63295654429561
49,7241.265521006324
50,7776.021524862576
51,7672.51106442808
52,7461.88991015394
53,7371.684832347286
54,7366.136866863125
55,6083.707849746086
56,-1041.9696100834713
57,82422.9577899613
58,86679.3362546018
59,84437.81419136406
60,85128.25918425797
61,79474.94349192025
62,82285.58385092509
63,81076.22231247638
64,79531.4726483616
65,82491.55292122098
66,88543.10850694116
