weeks,TE50237
47,0.04550319896408439
48,-0.030647974452579746
49,-0.03721319089033576
50,0.031882933117761914
51,-0.016699704604393628
52,0.007065437764045807
53,0.030133741608979525
54,0.004018567412640783
55,0.04737275365220661
56,-0.031788354475275005
57,-0.03679943957893317
58,0.03188187257834785
59,-0.018546540009802215
60,0.008709644654568305
61,0.02454351221480111
62,0.003213674314414272
63,-0.005457299497737267
64,-0.055833310824458415
65,-0.0024090777578161804
66,-0.04502175687699719
