weeks,TE50132
47,26464.02364135986
48,69861.02372494852
49,31771.43654020608
50,40603.37698359103
51,17446.570845417435
52,23603.34413984917
53,27112.515835575578
54,38838.670831664655
55,8749.581433599325
56,62074.5743991449
57,49368.58919950997
58,36092.18103886095
59,29292.175670572757
60,23748.658252052403
61,30051.64064640471
62,89165.8109819092
63,55371.121549538744
64,60373.82392269102
65,32051.53383300495
66,839.8770776487509
