weeks,TE50211
47,2118.8294792539023
48,1236.350089963203
49,2659.042121794124
50,1065.502302366834
51,4629.197645851687
52,484.1637584923908
53,7064.4513757119075
54,1384.9983977666514
55,2522.474054720344
56,748.3710354215191
57,1380.501679841503
58,778.7907724292452
59,7192.656153809991
60,914.6617175932322
61,1001.0699608181362
62,6677.62199241232
63,8571.35515587073
64,-3328.6702424103914
65,4493.991907102519
66,5215.286642212964
