weeks,TE50217
47,-19.59460128745281
48,184.08234215348102
49,-4.852489545000301
50,19.876008447101732
51,-31.57491045387319
52,50.156501335989304
53,144.64348505655863
54,15.466102423367753
55,50.499235265030194
56,15.834764483149804
57,49.108666645165705
58,33.19410845719711
59,-16.124977006662025
60,21.815905969057397
61,-4.813679595067236
62,-6.547595358578199
63,131.8362249984487
64,30.11872017700062
65,167.5268919792892
66,213.14254725997804
