weeks,TE50281
47,-0.05829060004414066
48,0.0652866408055369
49,0.06898807924407685
50,-0.03479572030382028
51,0.012438287882539922
52,-0.03000587709871122
53,-0.008095568312677548
54,0.01836144118644123
55,-0.05999096806445137
56,0.06619931721600794
57,0.0691918979829631
58,-0.034395914044248244
59,0.014781528355546802
60,-0.031906555817327265
61,-0.0017729997302537714
62,0.017515762533498846
63,0.0037910322488367565
64,0.029759797787575093
65,0.05548257250571012
66,0.005531741896020126
