weeks,TE50091
47,331.5034191702821
48,501.6513398807468
49,601.6406617449985
50,384.90654186564814
51,626.9242226227816
52,410.2446676604178
53,545.9337793202207
54,1010.2509372490573
55,83.61014316442484
56,-20.42731069151237
57,238.25226818873412
58,172.6381278332102
59,238.57015440273508
60,156.54446290804103
61,187.36040963590094
62,410.02024369430626
63,147.19898873446888
64,5.702027509110939
65,108.80300152128217
66,190.00250951972902
