weeks,TE50065
47,1101.2532577202358
48,28.86595694148062
49,796.5857676021591
50,3822.7099435780938
51,5712.169673119907
52,4626.629534044412
53,2622.7864325031655
54,-758.2214984018647
55,2594.6647975481237
56,4802.535797586271
57,5529.089437209014
58,4942.383307592379
59,1776.2732399608908
60,1512.3181374278636
61,2398.093351040797
62,1851.1223300380038
63,1649.3720751193252
64,-756.4884993389924
65,-381.91705861568903
66,2548.223789349142
