weeks,TE50095
47,12510.950420971581
48,10123.45131714818
49,8791.350570707458
50,11950.145065814411
51,15049.013181637745
52,13920.238209574454
53,11747.644799312668
54,8880.543739361085
55,11462.077331500528
56,14285.29571642543
57,13151.651137143157
58,10689.55566615504
59,8776.155625265372
60,12864.725739098907
61,15930.54180811634
62,13282.711993161736
63,10322.403680348532
64,10056.023663999187
65,15141.364836251909
66,16736.929116420764
