weeks,TE50092
47,55.86542136758883
48,1.599284404493179
49,-2.0861337994664866
50,5.868844455172164
51,-3.7746715201517502
52,2.183886383172732
53,-1.8765531413820462
54,3.3444553960514303
55,2.289603295789166
56,-1.2389935842826099
57,0.9516616314310777
58,-0.23692643209547964
59,-2.009975404760013
60,0.5394957962751201
61,-2.174893209515763
62,-0.7606612824759044
63,-0.4045415069325171
64,-0.7256296505876949
65,-0.3554625422960516
66,-2.2871959469804097
