weeks,TE50174
47,163.90046878116217
48,-176.00275587033852
49,1363.6323486888743
50,2035.0877898329531
51,546.0148851849426
52,227.55986440852377
53,146.84207988865575
54,380.4575887766022
55,461.92518308905574
56,197.10656268237784
57,627.2601992638542
58,1520.4829208440024
59,1172.0568388906336
60,147.4154015138278
61,-231.65456567707844
62,46.33108564392907
63,1361.1809334485772
64,1295.4064359263778
65,156.61838264032247
66,613.6144307922373
