weeks,TE50049
47,14272.244725603097
48,4985.42695272025
49,7920.745178704209
50,5755.998093480486
51,10826.251698379388
52,2460.408824132645
53,7715.439531654623
54,10107.760711108995
55,10734.89827257204
56,5305.870008725756
57,7257.3787380350805
58,7779.364379883585
59,8021.4051428322655
60,8128.201428860411
61,6537.382009682355
62,10056.63926116537
63,4686.837863097191
64,15671.861780415169
65,3089.6687257451185
66,9051.89296294575
