weeks,TE50161
47,2449.8573252495657
48,2404.456544755672
49,3905.080341104628
50,2262.0583591217496
51,3115.8222164499202
52,2140.7264007242197
53,2357.514256884403
54,3195.898510046218
55,2080.091922842984
56,2303.069297509787
57,2535.2620916727033
58,2125.410548334288
59,3554.932149832383
60,1990.0112447146935
61,1845.4857074507345
62,2470.4719492714225
63,2490.8268412148327
64,2958.152436063199
65,2046.8648805929931
66,1569.7930501656797
