weeks,TE50140
47,11989.45829854345
48,6948.83971787735
49,17021.53300181747
50,15329.60129379081
51,30033.86160280177
52,21929.455442710965
53,19939.604460453156
54,17084.089354561725
55,16707.868838391314
56,18911.35929266521
57,13959.082010051052
58,24451.67118042089
59,28394.712138321953
60,30956.410260357636
61,26896.533807214022
62,4794.682164282745
63,27028.460183240244
64,34240.173912096805
65,36512.25651899026
66,33956.31129654619
