weeks,TE50061
47,2242.5054398391762
48,1810.2000941584267
49,1581.7662435845039
50,1958.9186759387796
51,1473.8481021257871
52,1672.8902710412488
53,1993.8567964199538
54,2217.9502780043135
55,1834.6879866762138
56,1984.432900952813
57,1738.0323699771104
58,1638.8102978592074
59,1650.065141694907
60,2229.919348027684
61,1920.7799645236753
62,1762.717834854683
63,2203.8094724930857
64,2000.29602032471
65,2201.1130995530443
66,2010.7524346846226
