weeks,TE50058
47,2426.9803669064577
48,2724.6405836465315
49,2104.259148809643
50,-358.303217250688
51,-358.55867935022314
52,807.181936312253
53,620.5970728931911
54,2611.6792493093626
55,1834.0678646784754
56,3631.4975405320843
57,4089.719150089703
58,4935.526844163416
59,4053.5697953946847
60,2077.7504860826166
61,775.5689052874257
62,838.7377722688735
63,402.66937747287415
64,1107.9671935082663
65,2199.5303588073934
66,-296.87026362401997
