weeks,TE50048
47,37699.74740592086
48,56026.38963240484
49,-4612.857255881621
50,70690.77275249192
51,30628.825763080753
52,60610.73153651943
53,57826.565344640745
54,2358.7072936893805
55,71288.08360111038
56,22909.92188035146
57,47907.72595483727
58,18718.300268232535
59,48497.48819314207
60,82024.318056233
61,11917.501017466979
62,56912.422392546214
63,17676.361816073408
64,90632.00859136885
65,17801.632944888945
66,33747.91753537947
