weeks,TE50041
47,5200.003220957137
48,1920.3406064053029
49,7606.229433174092
50,1227.010235424666
51,4177.574680090702
52,7511.907457816258
53,336.6603488183974
54,5720.088448658788
55,4459.597158681824
56,4647.317198704715
57,3372.115813042541
58,5762.553673136505
59,3902.451783201885
60,5201.091699193286
61,4042.1905767715484
62,5404.0481773359015
63,4011.992616701409
64,3137.018625183299
65,7465.088945334794
66,1865.103371063729
