weeks,TE50327
47,278.49312751762113
48,895.6313135925976
49,859.3746738293751
50,903.4668708641746
51,939.1491475360297
52,886.4803416466965
53,965.5569880070643
54,589.051997851575
55,6.826957071746424
56,-0.9562215771189528
57,-10.93471233699467
58,10.220252668461958
59,-8.083950324060284
60,-1.4656900788198473
61,11.108770892787787
62,15.273657443852441
63,-8.687626983974097
64,12.91603006291223
65,-13.43764505976468
66,-2.878753623829695
