weeks,TE50052
47,47388.3731905565
48,54985.6213581431
49,-4511.007189919185
50,81944.01361411581
51,32032.3971223852
52,74347.60620893264
53,62662.136618903976
54,3199.0935915097816
55,79012.0375609709
56,41086.15903408839
57,36601.759552659605
58,27040.363414174426
59,47694.41329464287
60,96276.01425798849
61,26345.66229182405
62,33842.19849461604
63,57969.49143017824
64,91159.70413806291
65,35161.76534241605
66,40256.81877790172
