weeks,TE50111
47,2029.3986083003165
48,-381.901199856477
49,2358.350558195242
50,1407.4073959829866
51,2019.3530191521575
52,3240.735172425895
53,2149.878715393775
54,2458.6958775780763
55,-148.57202444036736
56,298.80310583300604
57,2104.3350746667593
58,5316.2167895607445
59,4513.1475779477805
60,2921.574408043697
61,-334.12525739549733
62,-1390.0978120706966
63,1423.3017849136006
64,5794.290028555506
65,7596.84875462448
66,176.67555607343178
