weeks,TE50024
47,1158.8128444531317
48,916.046345593215
49,740.0542742214143
50,912.1216622406814
51,670.2631352507599
52,1073.8070297066497
53,987.9367778682182
54,736.6473595858598
55,1260.586867918657
56,1355.5878007087072
57,1033.3391981219027
58,17.773637045273013
59,1280.9195372908548
60,866.7009135398547
61,429.2223005042005
62,1266.7566576414813
63,430.3748934557228
64,991.2768206987669
65,721.6580050323374
66,688.4386732641354
