weeks,TE50051
47,16.3828175636825
48,15.076895857041752
49,-3.6905643487540054
50,-30.836923106458443
51,-8.175646241525708
52,414.6054126741193
53,1053.139607092477
54,28.635630441481325
55,0.4479314002061727
56,231.92347170396485
57,106.05228026648003
58,-25.704912122224183
59,4.284192274135506
60,-9.827197324040917
61,-72.04299929807547
62,1.491442504451097
63,46.78836961550273
64,458.4199870836624
65,740.1315686880314
66,-9.431789247393873
