weeks,TE50188
47,6637.261009764492
48,3645.53330104307
49,2992.1123105109414
50,3066.2153894803096
51,903.7544226460593
52,3357.5916793705856
53,5355.7761680031645
54,466.30658860920164
55,2583.6537460734426
56,7609.710704572759
57,3280.4005066724926
58,730.6912371424273
59,3928.32784720547
60,4459.676657654441
61,-148.40420193633054
62,1715.1626904291363
63,3837.185080636817
64,6203.918161324934
65,3958.6245363929324
66,2247.1143010370297
