weeks,TE50214
47,936.4254805803726
48,1950.3906343868844
49,3688.0347723503205
50,1910.1985816810547
51,70.72452299625422
52,2385.8090227184825
53,1801.2812087920677
54,1260.2566638739386
55,733.2693785915458
56,-195.7677288569942
57,1205.5292470257557
58,1392.978815100908
59,114.19262861437963
60,2438.447245829693
61,3016.662312081207
62,-29.961759182261147
63,584.2942748856581
64,1332.7589017878202
65,3100.0538615046457
66,565.0156138027573
