weeks,TE50329
47,1.4615999088365697
48,-1.7540138101259093
49,0.6889379968576476
50,-0.3712518652476241
51,-1.8180466311485668
52,0.49834988008618397
53,-2.3726212161362303
54,-0.6240260484176069
55,1.4620387644151853
56,-1.7462921827499776
57,0.6920225839158359
58,-0.3579143863227039
59,-1.842525796019371
60,0.4949452579864717
61,-2.373789853249296
62,-0.636677600862898
63,-0.3117202086871884
64,-0.6901132900904559
65,-0.34205069931378623
66,-2.2858291664923196
