weeks,TE50228
47,5081.176608840086
48,218.6517332438433
49,2065.6206704209308
50,11961.368831617823
51,480.548868910169
52,-646.5820538973173
53,4208.544747386532
54,3544.906918282945
55,4943.514183187231
56,432.29445180846955
57,495.61923973217836
58,2038.1303285219124
59,5735.813238524821
60,-713.4340836351652
61,6979.811729828709
62,5880.209673232797
63,1799.7069174886892
64,-2030.943556957775
65,-1869.9667621628955
66,-247.66876285759355
