weeks,TE50168
47,129796.25849486988
48,-464.1295598310687
49,18200.314650367844
50,20367.194148292703
51,-6202.431326302123
52,10996.500740469524
53,28018.873620471157
54,18590.62984870815
55,63942.650473224734
56,31937.83719548167
57,8773.279997978449
58,11522.890345402973
59,7142.800372378633
60,1286.2424131025641
61,15804.851959716812
62,10404.307457125211
63,24330.878678438854
64,18929.571022651966
65,11674.93632758085
66,12991.943102785093
