weeks,TE50176
47,1602.6593344241985
48,2109.7386509937537
49,3448.254403769008
50,2103.992356389855
51,1832.6643833905655
52,698.3777026382714
53,2528.8351618116963
54,1968.0937907859052
55,1528.288318783658
56,3232.265871763164
57,428.06574190843673
58,1972.2962356581334
59,875.4149381178819
60,1178.377109551898
61,1441.4562952514557
62,1462.6467701624035
63,3056.070953319824
64,258.50952973787935
65,1570.5431967882287
66,2299.5509381029096
