weeks,TE50222
47,1484.0858573599892
48,8478.503010282077
49,5192.319212554976
50,-460.92342685803453
51,-278.5683602787767
52,7613.809838371274
53,3039.0925402829102
54,-179.54566006099873
55,2890.4344621090513
56,2861.9491934877274
57,932.1186388346997
58,-23.75573990017972
59,5366.073605814348
60,7210.0765069277695
61,7407.597416043256
62,1099.915802071069
63,4038.5274713421913
64,1154.7027574425895
65,-2530.871429560143
66,5041.508044142429
