weeks,TE50210
47,-382.04795263682246
48,507.5012125533915
49,-101.46564000458949
50,-52.30568255350917
51,89.12265815695933
52,62.76203423270647
53,384.0174950926897
54,121.14192195414039
55,-26.642354733921763
56,210.12462605714484
57,-18.220038078623844
58,76.13862223448587
59,6.21522930345452
60,25.538210281168922
61,84.14025820617911
62,16.857146866549147
63,203.4013545201536
64,72.08123548657767
65,82.9874173559809
66,157.11984296813995
