weeks,TE50164
47,492.9522306142324
48,572.0739640717085
49,722.2596751689912
50,588.3349076135091
51,537.1728535092103
52,583.8845530117209
53,433.3578974597522
54,917.1647615259423
55,747.925144716197
56,511.08200602322484
57,548.953949941907
58,619.2212162744933
59,598.4385540251457
60,628.9972719525811
61,467.956019911922
62,922.5407931093201
63,363.98928609477593
64,690.3472074453595
65,654.2545632890647
66,811.4060636337928
