weeks,TE50205
47,7167.1526968162125
48,4800.280784923005
49,5924.5907125111635
50,6085.417265081876
51,4827.50465928986
52,5332.309278192082
53,6025.964598652062
54,6841.464715073093
55,5385.75756272285
56,6120.021774939524
57,5757.345906697659
58,5914.922237028082
59,5641.934892824342
60,6145.471558478053
61,5901.769908533111
62,6607.263997944408
63,7176.738772468589
64,5214.054462005526
65,8313.136179554249
66,4688.208051907102
