weeks,TE50341
47,7185.783207900708
48,9629.532319403319
49,11651.747955079729
50,6012.771791188172
51,12783.676604503515
52,1215.2699093307046
53,4246.707284988148
54,-1212.751367300271
55,37.32342253808903
56,32.65474920221499
57,7.534116140283238
58,109.97148805854737
59,20.853026243744793
60,28.584780665985654
61,-111.88827222112437
62,-16.235364605993606
63,14.17488667630231
64,108.02428595770995
65,-50.45706357397489
66,77.3652569833985
