weeks,TE50128
47,2173.7919390510697
48,2712.377535357626
49,4347.6712735936135
50,1956.5537394532237
51,2765.1225673557246
52,2393.497389936999
53,3512.7377937041942
54,4726.397716253118
55,3325.4726866301703
56,3276.5294833664757
57,2291.8859683469736
58,1636.1287984138123
59,1606.1016930224814
60,2799.681150735392
61,1489.212393692902
62,2718.2323370442873
63,3985.525183694318
64,1970.246889924058
65,2767.882645285977
66,4374.970724883235
