weeks,TE50139
47,-55.58325273443879
48,-19.62059876585485
49,39.59657065702422
50,176.3575904708862
51,530.8083655132971
52,374.0385329879718
53,516.3672781429157
54,197.0599576185629
55,-53.25966720588386
56,23.7567774269896
57,94.37126960956513
58,46.54024709609635
59,-32.01801103406297
60,-55.15761126489723
61,-232.62765824329264
62,-262.80366004133805
63,73.53266138772923
64,382.01851979356616
65,1337.7669272385817
66,1711.8479623544845
