weeks,TE50116
47,-165.9249633916934
48,2232.309009082842
49,213.47972082546755
50,3188.227506735269
51,676.0729368114398
52,1934.6568824548756
53,2132.8652590333913
54,1327.2085420875771
55,1540.647911174282
56,915.4481524210945
57,2180.74747289891
58,724.8167672102306
59,3002.368535438932
60,774.4062405374972
61,2638.892005375643
62,377.06103473079474
63,2925.272913339261
64,2579.326225260729
65,2232.5759196199906
66,2842.4517658706873
