weeks,TE50073
47,1709.307915519751
48,1485.9391068884352
49,1386.7985468425381
50,879.1486183866244
51,1406.9962058417118
52,1476.7120939477109
53,304.25331964489817
54,1035.182317405565
55,1338.6685596041607
56,1487.895673387105
57,-265.20384305636907
58,752.6331953854367
59,2235.9619136606207
60,1685.9543805965573
61,1140.021399724481
62,793.5362633972626
63,4009.215555272994
64,1329.6470205416558
65,435.6616798717925
66,1996.1079232979848
