weeks,TE50239
47,80.66169574111211
48,-16.720580000000638
49,13.683892264407994
50,2.106106869483316
51,-66.05525702447694
52,2350.6726455013254
53,-5.973726845215268
54,657.0326034008051
55,39.95048356675669
56,-4.328049215644102
57,54.98699842781127
58,113.52424311510433
59,162.94979047129058
60,136.15346858580483
61,29.748452906310913
62,-7.48068824246087
63,55.833807220979764
64,83.91492403727798
65,-164.15032931221577
66,289.3925149626036
