weeks,TE50213
47,11.828001234734167
48,3.48005706869255
49,0.7160587124555434
50,4.555949851427494
51,3.194230917944453
52,2.2200202540419807
53,0.19835863870576825
54,0.09492153724984931
55,0.4365283462156187
56,0.015250547738777237
57,2.048918286402964
58,5.521350213639305
59,3.1652807250241253
60,3.008446989198493
61,-0.32972591406165724
62,1.2408947419596568
63,-1.3626959473515747
64,0.852799320674017
65,1.029042464489859
66,0.8077900538160105
