weeks,TE50330
47,122.60916272296942
48,16.033067983989998
49,28.374241442072744
50,76.85567929016797
51,-13.346400263586226
52,-12.05716695437327
53,-3.1341025577828314
54,-19.152972911988247
55,44.16336467343051
56,16.42464440204701
57,27.644266100114137
58,16.2276034256189
59,-5.79452365950019
60,-15.824753866165029
61,4.775137251267353
62,-1.31262589000289
63,-2.668859587082289
64,5.433669503136292
65,6.967871350455001
66,3.7128526112628433
