weeks,TE50026
47,7312.8358392457585
48,6398.525145793202
49,6266.35885480863
50,6892.582261665793
51,8684.53439988905
52,7354.133324015656
53,7934.099781269533
54,8106.315620510222
55,6078.251003155971
56,6601.120929696071
57,7423.549117608185
58,7457.109079623409
59,8545.136227213356
60,7906.486567203357
61,8199.390055283537
62,9172.253999370307
63,8588.104506868003
64,7193.30657492969
65,8012.183303344285
66,7596.359940517746
