weeks,TE50197
47,4636.412760054367
48,2100.65933836422
49,-380.3252488407368
50,1713.443694681711
51,3182.187837801107
52,2833.0107791734495
53,1372.0767767917014
54,135.52700464021478
55,690.7384838622811
56,2896.761235790056
57,2661.563984906388
58,322.0644577609663
59,702.3775340814492
60,1788.6585428326591
61,2348.2962455277643
62,1968.6050797629546
63,485.3151637524265
64,233.19818660285722
65,1303.7637574827115
66,1698.1647235857774
