weeks,TE50019
47,61273.47338869727
48,168879.62558563153
49,433131.8665764548
50,287183.8310442619
51,27368.895702712158
52,56945.32954366812
53,361646.6324123986
54,270500.52659113554
55,46838.17609412168
56,79913.37631721402
57,328961.4077931858
58,449209.7513259876
59,121959.66108052418
60,51343.54917434094
61,290716.6496979244
62,282826.3567996153
63,94895.78180422404
64,31392.070190676066
65,224182.84967011656
66,235029.75010501774
