weeks,TE50203
47,19847.47863899929
48,-2586.381532470131
49,-4021.091069123833
50,22854.768437902563
51,63364.51328400271
52,54381.647029615415
53,62990.81630274299
54,10722.972303415158
55,16099.431584869157
56,-11538.396088892327
57,3062.4687250513343
58,-15831.204274319716
59,36599.63375529718
60,15828.4227659012
61,137389.26337945453
62,68616.11983108112
63,59853.37762836834
64,-6217.004687611911
65,28370.346360557938
66,31390.175463308457
