weeks,TE50056
47,9500.206753934996
48,18383.236672437957
49,9105.30786409413
50,-2845.812563724615
51,16789.360058862716
52,1332.8342289838602
53,8177.086461664409
54,8073.596030555362
55,4337.879049920644
56,19993.079752444006
57,14942.635683049177
58,1055.5110712661237
59,16512.07218132928
60,6113.868667956351
61,692.7872855555204
62,15340.394835028466
63,-1864.892654461877
64,2992.763135638956
65,15908.33687590051
66,6770.560371086733
