weeks,TE50179
47,54646.88898463192
48,-35626.28163102202
49,-92529.38020640484
50,-51084.3390092942
51,56591.24247806884
52,-62994.83728915042
53,-44674.80612789601
54,2184399.7696581124
55,-48275.892957768294
56,77565.52981965705
57,37248.595340188156
58,-125010.01318815915
59,50126.24372016653
60,-65162.48431773629
61,190448.91753925997
62,-166932.91341276965
63,10151.072739624753
64,11029955.150636232
65,-67224.34107702845
66,272649.61023354635
