weeks,TE50137
47,855.7473624570259
48,622.8487258381714
49,908.0499735012585
50,1123.9950225012371
51,816.003673865232
52,713.8026008963565
53,404.3651335806172
54,546.3611158454798
55,581.4329037111517
56,658.7812141125565
57,1103.2493182600601
58,335.09967969049984
59,380.6623320624819
60,418.17013203347517
61,657.9557524229809
62,721.1375566232517
63,526.2201118814719
64,491.07548177440253
65,626.2736091025065
66,1449.6483817879264
