weeks,TE50110
47,36.47506899009779
48,58.53609150053695
49,73.37200323359073
50,86.98786062609344
51,25.600503623357422
52,26.77691374812046
53,12.474588378511484
54,26.223459511717653
55,5.143365988935809
56,8.969124154494931
57,7.617705423502099
58,9.28577101464612
59,4.8161148343076015
60,6.675341039481574
61,-0.03911336848480107
62,10.984310492956121
63,2.9028281362043864
64,10.62144348575879
65,1.1558488630357941
66,3.891627688992673
