weeks,TE50072
47,12172.67836693903
48,11846.713160972904
49,10325.898300147182
50,9191.50591317945
51,9324.896075171157
52,6148.883338986817
53,8188.923037610809
54,8222.527595129077
55,10531.672221468993
56,9933.359957066525
57,11726.03869657421
58,10331.644832309774
59,9958.774804782595
60,7304.39669895226
61,8284.29238018968
62,6745.397077810518
63,7076.559053514845
64,7622.189610813057
65,10034.563204649
66,8916.955201505414
