weeks,TE50186
47,12589.70548622429
48,1269.1453090776704
49,13315.142796632907
50,14216.821230830694
51,14430.979453808512
52,3871.803309851794
53,9246.490108721551
54,12203.143590709285
55,6967.4202593793925
56,2601.4636971847876
57,-2929.4894233507293
58,28382.178583215824
59,5004.133794008385
60,5433.540846968251
61,-869.6592095863793
62,20382.716437474886
63,2594.9127837921787
64,8294.139769272146
65,3463.645845510814
66,8221.634630380144
