weeks,TE50093
47,87.56874717909965
48,305.18874040535536
49,144.88069910038664
50,-42.406511920051166
51,-44.26189586271555
52,196.6335170502108
53,-26.172231354482157
54,139.09843682217263
55,339.16591691727024
56,255.14107823982556
57,29.65608327182404
58,3.5194610564120232
59,224.9310472807991
60,-11.77611199334273
61,75.6021620331111
62,85.50328855962783
63,31.7685985815982
64,170.8796651866827
65,104.84868744846321
66,88.99850603882535
