weeks,TE50028
47,4072.8203240456005
48,5636.831688846844
49,2653.2223165790692
50,5015.318663210138
51,3480.3058685934884
52,5796.6501843672095
53,2419.085132702094
54,4440.331280953391
55,4058.818841083177
56,4943.992450877095
57,3250.718720981462
58,4761.339492105699
59,2822.5879864923877
60,5367.320530186537
61,2882.4411665441853
62,4230.352706735257
63,3951.7991211267245
64,4996.381056919054
65,4581.331454297704
66,4699.8830507827915
