weeks,TE50224
47,1183.6236005591884
48,495.9593829739193
49,297.12909108192804
50,218.44500025028924
51,788.7465904953405
52,876.3823990683596
53,322.8888128349915
54,157.79964381578603
55,-1065.3924124531325
56,-441.0879769112575
57,457.5769635097621
58,3280.8316427006166
59,560.7360340029857
60,317.48469783004407
61,196.5195157922996
62,-357.58578791887726
63,218.37561014407154
64,200.2207409699466
65,71.09834163947873
66,214.60431466049096
