weeks,TE50123
47,15005.267569034304
48,15075.529668153591
49,5899.941792676343
50,2681.230095888832
51,8382.270738081745
52,9591.568449752489
53,3805.407244055463
54,8692.78191099804
55,12396.550829708
56,8789.580797486444
57,5656.98330366078
58,11593.843284833183
59,16955.66685618705
60,12134.024674234432
61,7751.884180335687
62,1849.1571452205676
63,10056.812304113817
64,13253.863213412267
65,12273.171383582294
66,13177.963251398425
