weeks,TE50144
47,1272.8059437463182
48,-1297.1662609189088
49,1277.1784668593662
50,2073.0783587631136
51,2453.5533717301983
52,-668.2767984327808
53,1173.1769674201946
54,96.3161628645131
55,1572.911377154378
56,111.82007624280598
57,654.6625347732503
58,397.66103844187825
59,1164.3898851868316
60,233.36551236252103
61,246.0792224545782
62,133.43989221714267
63,753.6359420372174
64,52.82280742579417
65,-197.10505077245784
66,420.07099273458164
