weeks,TE50023
47,23893.297572008778
48,6609.504910465345
49,41367.2478370719
50,36702.807437877
51,22763.931932425905
52,45195.814662372235
53,19203.8312011308
54,26047.37478139359
55,28930.47990492256
56,28112.982819015666
57,33925.4609506925
58,45033.239522930235
59,21406.817990959204
60,47383.39128756639
61,26682.045359987434
62,10899.06049635554
63,51732.95765808578
64,24590.84402530039
65,27658.07344446367
66,51965.85393013003
