weeks,TE50200
47,390.82015911141474
48,2188.5186315069504
49,2008.274877129767
50,1279.9545169393377
51,1323.0229375586744
52,3433.3355049237043
53,1599.21588712825
54,2082.8919860528645
55,291.94372897554166
56,2322.293920475723
57,2198.0119946226
58,1888.0333683783506
59,1461.2824427683981
60,2041.7973113869039
61,3136.474901567941
62,4052.5477397793834
63,1250.2560017889618
64,2240.041352130899
65,1537.6758902238753
66,3493.671996888199
