weeks,TE50312
47,9.193913377866208
48,4.15213029015057
49,10.263245009208166
50,2.872712940626105
51,5.228944166250232
52,3.1751564916260504
53,3.7576095419542708
54,8.006849116881613
55,152.4342380061171
56,4.278078202668776
57,-0.7136547875965107
58,1.2628088255310357
59,1.7739338511797567
60,-1.4829567587276373
61,-0.7919215012341554
62,-1.3408586219720853
63,0.62148406422058
64,-1.483887038715962
65,1.0698885957771278
66,0.12274640590296504
