weeks,TE50181
47,213131.2584722311
48,185189.945928732
49,68583.76785429686
50,206123.93104558953
51,110716.70629217746
52,51636.09550188339
53,125202.64245776938
54,137461.36943335467
55,190665.3839968958
56,39539.15930497188
57,154173.55217985794
58,112014.56321854226
59,78553.76809953894
60,45543.26099186887
61,143766.4504275105
62,146876.50372452496
63,69442.52104985992
64,87066.20023605671
65,87012.59138181212
66,63684.83962176237
