weeks,TE50182
47,1148.6482688367803
48,2173.917270626706
49,1514.1696981716034
50,865.2432096821029
51,1707.3787536014217
52,643.639140365055
53,711.162437313099
54,1116.2812962420926
55,2601.554919003749
56,807.0698139236008
57,1072.3325996483159
58,1633.9888342520326
59,982.3504144606123
60,385.8586180050475
61,2162.6981550849537
62,1635.4621057938841
63,878.8904797119563
64,475.6948514059883
65,1959.3924878105045
66,-457.200908672219
