weeks,TE50339
47,83.81634867297784
48,2048.852554971666
49,238.68887145453965
50,92.00373870328234
51,-541.2719135809623
52,-23.959287645296605
53,65.43522713477068
54,59.20810585851028
55,664.8640904017032
56,606.2058966149727
57,80.89886509364213
58,326.9030497252402
59,267.6933342888649
60,-66.78927420256635
61,34.98304424183045
62,84.54934511137331
63,232.2461650308356
64,1265.667208699246
65,228.13891773694573
66,-343.7503286308675
