weeks,TE50342
47,12.60419550902733
48,8.419217997641923
49,31.60744204800538
50,32.47870888818862
51,-12.588527212597835
52,-6.67477304696659
53,-10.338390764503076
54,3.3923125428649836
55,3.4806065013650427
56,0.07006225190074572
57,3.006756782504823
58,1.683425066905818
59,-1.7513985817640554
60,0.9046777325473278
61,-2.4180369739558856
62,-0.6276204460788455
63,-0.44022963721453195
64,-0.9142914743413939
65,-1.087034563337821
66,-2.0007485783859655
