weeks,TE50035
47,12751.054391589983
48,8747.609991420542
49,15009.264701993026
50,10259.244016774237
51,13744.277518924864
52,11103.116160424292
53,14209.810606746882
54,10986.204207462048
55,17567.971591471374
56,10457.742654549245
57,14385.658143303268
58,11000.038053931235
59,15464.515722854374
60,6496.51837314185
61,14360.269135327488
62,15861.351299492768
63,26303.153668300547
64,8066.859526644108
65,17640.962387620562
66,17057.566313232517
