weeks,TE50020
47,20580.77855400703
48,29458.5885898129
49,38426.5269354428
50,30106.238140406815
51,14178.671444738344
52,34400.18219339071
53,39547.78747537884
54,33584.95815496126
55,33935.43414724415
56,37372.51253876994
57,32041.11972077506
58,57041.938442391904
59,12565.171029024033
60,70029.9508979214
61,22220.5734430797
62,52395.01898507379
63,48606.35597880834
64,43078.8972782061
65,52721.917075260244
66,26439.059084330267
