weeks,TE50227
47,1.4784181942696952
48,-1.7638552437697244
49,0.6989658204359201
50,-0.355303906591677
51,-1.7859374221747584
52,0.49329062159752796
53,-2.399843571935747
54,-0.592954563244255
55,1.4673772171689292
56,-1.7695007376824623
57,0.6926836895301727
58,-0.34841089719420215
59,-1.8071275572561374
60,0.4895607424116586
61,-2.4054562693551813
62,-0.6226628621791086
63,-0.3325497937970724
64,-0.6290923005401665
65,-0.3742964203038707
66,-2.303997986993571
