weeks,TE50080
47,4174.00208999117
48,4032.6645730650475
49,4087.9114381980235
50,3179.3130672532448
51,4782.584790786473
52,3508.112177591732
53,3682.267363074574
54,4099.471665154143
55,3578.20004461764
56,4004.8006473126243
57,3938.213752212137
58,3261.4528038306717
59,4572.081204907791
60,3276.5068171874514
61,3691.5159329812286
62,4367.8897030224425
63,4471.820377171031
64,5319.550493768981
65,3938.745485019342
66,4644.006190389435
