weeks,TE50037
47,11216.046475646715
48,14247.970978381833
49,12842.844869007033
50,3980.1104758234187
51,12104.544526709225
52,15525.88544971087
53,15259.788569793809
54,13176.627177874903
55,8894.656777038717
56,13446.533869266628
57,16863.85108274243
58,10939.37643539939
59,5994.367934869031
60,10765.926090395387
61,13518.234979987368
62,6668.725130770799
63,9583.520160941203
64,7946.127744559754
65,3961.2352778453674
66,5891.371968121082
