weeks,TE50229
47,-768.4731733460724
48,-106.79750344611907
49,109.49144872085415
50,6126.74468252227
51,268.9153396381427
52,389.70537943529433
53,376.5133101325869
54,71.78761745564668
55,462.4724776110803
56,1029.8314318774792
57,332.53574115128754
58,33.33008122635772
59,1271.2708576460336
60,1210.4157282166636
61,-91.31499954002686
62,135.29394173405512
63,2596.035219866837
64,269.2092333827037
65,-462.5061356547406
66,-158.48001590036702
