weeks,TE50054
47,2624.4759323944168
48,7843.1777388042265
49,2040.3291258349543
50,7900.346172964901
51,6447.736651493503
52,5704.987276816528
53,2412.2782808107345
54,7872.189547138707
55,11148.127535678339
56,7029.525149992987
57,522.8376317953378
58,4578.268595257
59,4559.80214323853
60,7341.18584722723
61,8960.516198050176
62,897.3974929577148
63,9184.965294128253
64,-1532.351163984631
65,10212.210519935508
66,3923.1542517493976
