weeks,TE50199
47,2169.082963503756
48,1246.8507720563139
49,1644.6950161651334
50,18.174626776328616
51,563.2865866469616
52,1402.1258140199786
53,1696.8052221101232
54,1401.5911762262785
55,1172.8246989712152
56,1104.0740702573398
57,3572.673243242526
58,547.2973688779255
59,1636.5072861271683
60,100.03663284472958
61,-226.22894434742773
62,-171.59019560282994
63,-165.37263162520588
64,1712.4774423303236
65,732.3952420002547
66,1267.8124739270609
