weeks,TE50195
47,137.23165903734744
48,7.698601329433741
49,15.767081048301046
50,33.759875258536965
51,42.365524719184165
52,177.71119395461065
53,201.20485227492054
54,13.973897449288975
55,-6.768828158395655
56,43.10996478734457
57,47.24361457855183
58,130.5238813713437
59,158.00004469533718
60,32.203155424138224
61,7.990960601252722
62,91.28134965717614
63,107.0961809715011
64,34.346145467802216
65,107.57510671468881
66,36.52946946863109
