weeks,TE50034
47,2203.2668217216087
48,2389.4827506493243
49,669.6618793310358
50,1335.9729738728013
51,3250.1116674464215
52,2174.9802473495065
53,556.0219613852365
54,1375.8252045914046
55,168.02303620395455
56,841.8689768491124
57,2156.92420183821
58,1509.087763014711
59,379.0968381549126
60,1331.2177119793294
61,3014.183169703961
62,3427.3100768794156
63,1547.9309053774828
64,851.4968296277339
65,2597.4273068983453
66,2307.5327119244243
