weeks,TE50033
47,2327.684762088539
48,1916.1264976948387
49,-102.63276652277153
50,3236.502148688186
51,10105.938388878212
52,8131.333181695911
53,14267.86973616991
54,24093.939635921746
55,12635.871523832899
56,10397.848435096781
57,9116.357216842305
58,4779.641209513196
59,14030.004118969084
60,6805.114195951488
61,1646.0969233830544
62,2660.6400809627157
63,2008.5527048491567
64,1039.489662761546
65,17086.054072460214
66,10614.712008045279
