weeks,TE50096
47,84.39847864330142
48,43.53223765542462
49,125.51845542403083
50,110.95452514513924
51,1277.0554131376045
52,148.60595340252917
53,227.5839385975503
54,117.33149180377984
55,79.46988304652062
56,96.26533400695774
57,185.48100863871483
58,260.83169203007816
59,73.3406060623473
60,259.2326169626507
61,324.54396345292525
62,663.398527560714
63,263.55108100807416
64,92.63109769647998
65,210.69385916958296
66,222.3333815943249
