weeks,TE50117
47,70611.33462257241
48,68937.9611534909
49,58236.95148825347
50,85165.66590193506
51,32422.850855012945
52,54373.82453040642
53,46555.07608480455
54,49775.25250830274
55,46556.9585886809
56,69564.99818130236
57,16566.453437759494
58,57490.26000714422
59,44483.22350839458
60,32277.128090172766
61,35249.92311306662
62,30387.838427337494
63,21052.848674626344
64,22376.860356844387
65,39942.411972517344
66,21099.22912239254
