weeks,TE50089
47,12410.226345469
48,11273.996330285197
49,21046.58235675075
50,9642.260778902162
51,8763.199125856287
52,18217.476324111183
53,6027.617026509911
54,4925.894223753137
55,13470.438653615696
56,9190.442893153353
57,15820.645067761812
58,9314.955617800939
59,17041.01819747203
60,16292.933656919162
61,5958.048199330379
62,7426.869987526734
63,18366.088330898896
64,6351.767708412602
65,6298.880068153354
66,14967.192332869485
