weeks,TE50129
47,299947.527420099
48,-6449.166062114831
49,158186.9047464279
50,155807.72846872275
51,-12243.450159587435
52,185734.07792245733
53,136007.32695149272
54,-17723.865266057404
55,234902.85256906028
56,75617.89680785808
57,46985.76927388334
58,242663.55879417862
59,-3419.4536476694884
60,88810.85995708458
61,259751.8529970403
62,-53821.82781307047
63,279085.16078342526
64,111575.21255477214
65,51678.83232112379
66,273166.4262775889
