weeks,TE50040
47,715.8981506256985
48,588.1271461102712
49,741.9543539396636
50,598.3332351266121
51,606.0967251750958
52,643.2190190612936
53,728.7140737672578
54,726.6867326142985
55,531.8024385134368
56,803.0935398163907
57,764.3618673197374
58,655.703874814704
59,742.7726135554169
60,784.1649088030443
61,788.8146178780358
62,707.2216159767571
63,716.5820035122638
64,831.4797672316467
65,741.496736029437
66,705.0700616701282
