weeks,TE50180
47,8637.700373296271
48,-55934.78622665966
49,-86581.84876517822
50,72147.98109937974
51,-141909.3140663989
52,72063.99221893772
53,-108983.90651348472
54,-120232.06066281299
55,129354.92616934553
56,30692.181628048296
57,105162.61148537202
58,17716.88063145457
59,58287.272416449756
60,149542.73302281252
61,692609.053466998
62,-380885.3001005137
63,1443650.2062034681
64,1393809.5316098914
65,-285520.09325129003
66,2087663.918164772
