weeks,TE50178
47,11515.87623011655
48,7404.784270633965
49,5864.857735684042
50,7293.691899077756
51,12652.602521317409
52,12474.748386952699
53,12130.35250018388
54,8153.384626605114
55,6754.487061867273
56,6495.765266127375
57,12337.397592098641
58,14136.038421237467
59,13288.970174950986
60,11233.695616483134
61,5790.048236541194
62,6225.3937653513385
63,10211.197873282465
64,10337.321345752878
65,13419.578699932506
66,14762.841734308347
