weeks,TE50012
47,28145.311416974935
48,29322.159749709645
49,19573.884997100435
50,24222.381419260273
51,28081.114100429193
52,26136.203972703923
53,27167.572778857993
54,23637.66115023957
55,15432.972776642435
56,14744.260668957568
57,19316.27990567521
58,19636.227731527193
59,34051.31060505991
60,21986.78207455133
61,37086.53315178052
62,15124.582141002013
63,16784.28864768229
64,32562.0630021773
65,22415.110474043155
66,29073.398218687485
