weeks,TE50236
47,-94.66010810499898
48,-56.18508849517562
49,31.66415804008875
50,154.94328458718144
51,-90.78418482734642
52,67.76624787518992
53,162.69334722777091
54,417.0756334444256
55,20.655497945177693
56,34.734986689562014
57,81.34615158183065
58,24.208693855464915
59,416.3068973837463
60,56.44581741096239
61,582.2598735985277
62,-101.5404575998994
63,3501.2875645208233
64,95.83334467921338
65,343.50232992860975
66,225.9764199533877
