weeks,TE50225
47,17523.809042727207
48,15464.59170258895
49,3077.7884535978455
50,69404.54872921135
51,30199.17700943042
52,-7089.364213962192
53,34410.490696487585
54,41740.29436859001
55,5897.079166379041
56,67101.51779920433
57,1953.5051222339553
58,-3594.6985185041103
59,53747.513666056206
60,41402.73128513127
61,9330.267806525262
62,25603.13907170704
63,20829.8477920018
64,12378.205508621288
65,11947.569798500339
66,32803.909547475465
