weeks,TE50238
47,1.4705041037667452
48,-1.7475757793138271
49,0.7451102635655633
50,-0.39853413343283506
51,-1.7621644122501605
52,0.5511892387577788
53,-2.3617233476071355
54,-0.6359411132492088
55,1.4584637538145295
56,-1.7370242416943003
57,0.7608408614807562
58,-0.37277638886610126
59,-1.7709350029381126
60,0.541545532988608
61,-2.351584370933616
62,-0.6595256361766829
63,-0.2981583859884283
64,-0.6761428293840694
65,-0.334205895591989
66,-2.2659325783338584
