weeks,TE50044
47,3412.7291301966
48,2393.331130023584
49,3610.5929646989703
50,2671.8133533730916
51,3671.357181156622
52,3048.816159526035
53,2567.698587338861
54,2054.8362828499316
55,3849.7750847680963
56,2403.55549851072
57,2929.1696630261436
58,3968.702458208866
59,3866.6159306181894
60,1842.1960961860068
61,3273.1834197399176
62,2798.7866923347115
63,3060.6725910498826
64,1511.1263978102288
65,3113.036152495683
66,3484.4283231875947
