weeks,TE50337
47,3.426662748389033
48,1.57910699940125
49,3.537424459531017
50,-2.839875138311723
51,0.37470626723057254
52,-0.36779445715309805
53,1.2822722504743211
54,1.0937085337649137
55,1.490406002460803
56,-1.734871073948506
57,0.707240263800669
58,-0.37857642897598354
59,-1.7982406355860088
60,0.5218581452568878
61,-2.3757554587972813
62,-0.6033752012413225
63,-0.2627362817468205
64,-0.611976817432783
65,-0.3016544825763217
66,-2.355990654417675
