weeks,TE50060
47,3559.2182623911567
48,652.3216162545461
49,5700.420984501874
50,8957.010048733897
51,17664.32614793743
52,11004.208868423953
53,17069.73037384593
54,8902.59101727072
55,1069.9614345540597
56,192.0395938737252
57,4235.120801306629
58,1421.8527488714408
59,16558.119013762
60,11110.898234687264
61,12225.562976823805
62,17085.08538530819
63,3970.045471161222
64,7102.046834581601
65,5091.6958068562135
66,4240.563197331221
