weeks,TE50105
47,863.3971048194826
48,-338.11246762237323
49,-129.8917243725321
50,165.8831378266561
51,13.673114592100937
52,510.1226181899037
53,306.60270086336413
54,1146.3448233251308
55,40.53215483473207
56,577.1197327497177
57,844.1065965889686
58,-795.6940619332076
59,389.34304377916663
60,16.112890754153128
61,930.483450317083
62,382.87732166451093
63,1501.5222691216704
64,1198.2581517088533
65,462.03063606679467
66,1149.7762229649036
