weeks,TE50135
47,271.47660641768204
48,-31.803874860189175
49,11.846321806695633
50,391.75598865867636
51,-43.56534149583121
52,166.2083272878286
53,442.68734318177786
54,47.75335052005299
55,-7.226510923583401
56,134.83224903327596
57,-21.659729026121664
58,99.67669053207024
59,891.6479123605346
60,69.9574015995942
61,-20.011253537747336
62,224.1015859217591
63,-97.48928768836367
64,237.37248074995537
65,507.19719344568966
66,321.86333468139736
