weeks,TE50113
47,15456.6272531906
48,7738.1090127296575
49,11837.31380064657
50,13613.503548669689
51,11503.779406643556
52,30382.848129726353
53,-484.2292048590764
54,8969.007551180042
55,22785.878050005005
56,-5761.808823874074
57,14687.728032734267
58,20420.79550701274
59,-51.7169428036658
60,14935.355567762754
61,26261.201473662317
62,6929.306486494888
63,40694.39992518709
64,8744.194768741514
65,13465.373101310783
66,41315.204580729805
