weeks,TE50159
47,9273.935661679943
48,8435.459780807856
49,9948.040665292461
50,9523.926003388773
51,7181.6605784632475
52,11620.560407209825
53,10264.565322058375
54,5662.813258022934
55,9807.42747862841
56,11666.70198535838
57,9836.926085729561
58,11369.056062521093
59,9124.537713730562
60,343.0964479013603
61,10632.956518714349
62,9857.698842367316
63,5484.590464551626
64,7697.373404457663
65,14249.961026111501
66,-1313.0137537561318
