weeks,TE50059
47,18897.04103600284
48,6250.422706196718
49,28291.77724839271
50,43519.348221509106
51,30232.556486407724
52,25133.1842306436
53,13724.059257558343
54,2851.150920974177
55,10360.030797794896
56,11099.986724862283
57,31140.266034637396
58,34673.42213258564
59,30556.081672276578
60,27216.241614167226
61,17417.82462952972
62,-1992.0184699523707
63,3494.5008544945954
64,4027.356042604988
65,4663.1936768178
66,9062.070731426857
