weeks,TE50130
47,1675.4780369205841
48,-432.90361584700696
49,2021.757431086938
50,3180.5899477880157
51,2317.2881572204287
52,4787.0718589715225
53,3185.6515111947624
54,5475.021463543921
55,3525.4256415082355
56,4003.0218893328883
57,4087.190383391718
58,644.9928376662655
59,-413.94727022551416
60,3057.302097133992
61,4693.296824464518
62,4652.538451410502
63,3773.137894878295
64,5708.775749878643
65,10152.348579867328
66,11450.852168496363
