weeks,TE50154
47,-2728.6795806859936
48,2515.3362493718314
49,10169.428513602152
50,13486.196854285026
51,12456.414721421603
52,19852.550699717238
53,22394.97628656838
54,14884.325438449376
55,-4283.199390918084
56,-1692.1904452231945
57,7309.04595717111
58,-3536.2493879776266
59,10794.66548235946
60,2013.0347376090085
61,19845.458970944495
62,1901.0063209448222
63,18163.8229478737
64,41382.284961702026
65,10328.952850143378
66,26789.753929215058
