weeks,TE50160
47,3744.132866599076
48,4652.995962399258
49,4063.843880929439
50,5009.742841971993
51,2933.437469048583
52,2957.324282033115
53,2642.148851900632
54,3297.4647249909576
55,4196.854672198146
56,5915.025876184961
57,4382.10539349627
58,4723.612050768699
59,4232.639047787793
60,4117.24325882479
61,4017.5440858538655
62,3881.138505969058
63,3043.0961550147886
64,3813.53144956809
65,3831.20254743375
66,4419.08106175174
