weeks,TE50106
47,1.2247835816055224
48,-1.2287005525255048
49,0.14520606434439737
50,-0.12968214801630898
51,-1.2424943064639553
52,0.39994384874358596
53,-1.7105445112892559
54,-0.49147061774455536
55,1.2116532975059535
56,-1.1406847133999656
57,0.8698355997243554
58,-0.32824674891711614
59,-1.029213315016204
60,0.41511641513145137
61,-1.7155306082771151
62,-0.9957687681021258
63,0.4343533064853584
64,1.1424723246900306
65,0.00858819851975226
66,-1.8418161490883571
