weeks,TE50170
47,3842.1460577820344
48,13917.596949217013
49,1802.8209639303604
50,4420.8128319281195
51,8681.700189729527
52,20526.684158689088
53,11759.870596400904
54,680.9419886386748
55,2306.9538002173795
56,7449.039604530398
57,5059.783794269973
58,13659.097350525955
59,5421.286712195488
60,5766.712701863397
61,6393.8908009151555
62,20185.57150083772
63,8954.122408753874
64,294.54051568163527
65,11511.919611061483
66,21924.09619025862
