weeks,TE50119
47,4543.988181775265
48,6466.819806094965
49,13992.412497558951
50,7486.576268699851
51,4108.050582194482
52,13660.442876158833
53,34070.26922040517
54,15334.766977409867
55,6754.518508101711
56,544.4692582292935
57,14855.70206507346
58,9790.94965941185
59,14798.08159526802
60,10589.624024236397
61,13806.975500069297
62,31667.487978004225
63,26447.27434629502
64,494.6506033186488
65,-2512.3341612527825
66,24997.825479413954
