weeks,TE50343
47,1.5085287630668596
48,-1.1025708143709978
49,482.4439809755091
50,0.04375514733536967
51,-0.5936368037089249
52,2.2433420388213565
53,-2.468797706741671
54,-1.5616872584919932
55,34.71036942671995
56,25.928712306213207
57,28.68185095288628
58,23.517448071798437
59,21.10920890557058
60,38.09805378796785
61,-7.124775185593688
62,-11.733642473306768
63,-3.683332889524952
64,3.7605610536702323
65,3.8397426975035347
66,-0.5166517570436291
