weeks,TE50136
47,560.1004585636156
48,477.36664556363957
49,579.3187213192227
50,677.4602578256665
51,388.34314478065625
52,663.7026852619128
53,238.34139282386076
54,643.2414302588851
55,512.7479868939505
56,499.28898956229654
57,310.7403394657835
58,586.1814215259249
59,528.5141409078558
60,347.4066101732665
61,655.8637972308168
62,-45.51452211811714
63,658.9560138536395
64,46.36303217842464
65,379.21594531844926
66,410.5649230075234
