weeks,TE50163
47,-240.95800631623268
48,-530.032232976947
49,90.64377292262115
50,112.96171089129824
51,1202.858467585521
52,1401.5635326987376
53,1574.8218222583157
54,1275.8922194113757
55,-88.09547606962616
56,39.03658464566291
57,134.07348174542278
58,351.4866289123253
59,383.03659960916434
60,264.8960396994435
61,159.18738274445042
62,310.20949802562984
63,348.1279680879038
64,-1690.1026274395904
65,21408.55470768952
66,10.041395046413072
