weeks,TE50288
47,1.4747650755665012
48,-1.6617763726246908
49,0.7585085342141417
50,-0.3439855707515175
51,-1.65340380138244
52,0.6074108276563649
53,-2.2236057166642573
54,-0.637229724396035
55,1.4611912166134076
56,-1.6322022783857335
57,0.7705618539644687
58,-0.3094989378826437
59,-1.6356157682737154
60,0.5930065402593737
61,-2.190383699515529
62,-0.644423700170738
63,-0.292567544350298
64,-0.5892081849917441
65,-0.30463933478595945
66,-2.136260871163517
