weeks,TE50167
47,7888.28835898349
48,5075.297459240314
49,4397.727438018113
50,5435.814415958021
51,-1121.587190928403
52,3573.1833021989673
53,-277.6711213133195
54,-924.5921458823434
55,5913.953075481786
56,-164.04880978598504
57,1960.787113334858
58,5510.373622219215
59,3626.7936348958087
60,3870.759061395962
61,2553.816658106187
62,3230.746981125798
63,2116.9936105432503
64,356.67834921884634
65,2430.8061038682144
66,491.7086588994396
