weeks,TE50043
47,2887.4995409803164
48,1590.9212532998072
49,644.9695897954798
50,533.7333874657699
51,2388.477346655603
52,3883.347056508751
53,1635.7655874727413
54,1083.6875514033245
55,102.37131456518892
56,1893.8630231936445
57,4152.379520636081
58,2469.21055323701
59,820.237079772302
60,929.4306666547637
61,2685.063820307146
62,4478.589214738307
63,983.3709610587553
64,-334.777171157389
65,207.8896758785022
66,3138.1424046401544
