weeks,TE50029
47,3387.042730611803
48,4244.1253341887605
49,3228.969246078745
50,3274.6048731855985
51,627.1801124892227
52,3059.0022165188534
53,3819.821075998726
54,4616.894123121423
55,3501.5423986947485
56,2879.447494630732
57,3244.233888887763
58,3594.9306883157733
59,4634.893080956198
60,2299.8152977623167
61,3895.6822180909667
62,3681.4522643134487
63,6811.663935078963
64,2265.9290717865088
65,4428.083280973677
66,6930.527644335964
