weeks,TE50192
47,6280.066754523236
48,3100.6353617460477
49,2862.4807953538993
50,3788.0399631370105
51,2693.7720958862797
52,2547.8192487686456
53,15003.823892057453
54,270.8996002304794
55,22037.712760968832
56,29870.608038200993
57,38094.394953540745
58,43916.08519337338
59,49279.13288998421
60,83588.55125338066
61,44919.339022692555
62,86416.72860831724
63,98765.44271593563
64,91266.31998472691
65,73439.71225939758
66,129620.38355116395
