weeks,TE50333
47,0.0338102022152747
48,0.029893624042006815
49,-0.025859315644111258
50,0.01793133591127205
51,-0.007456737400354518
52,0.02847690644993725
53,-0.024969245754731972
54,0.014255573946328981
55,0.038258403899093185
56,0.024899831988779556
57,-0.024846443026808746
58,0.01787736682954566
59,-0.012790552352171247
60,0.03032025380915751
61,-0.032308420509476354
62,0.010864936379167689
63,0.007581860029738707
64,0.00032565253379418513
65,0.001838118439486322
66,-0.046458340542299525
