weeks,TE50184
47,2292.3628700800027
48,1543.912666578277
49,2503.259912236745
50,2005.7772530373768
51,2230.173376146684
52,2399.8820324324925
53,3749.5872961009322
54,1152.5294559111749
55,-849.4595828077564
56,126.4579481948845
57,-274.9007317281573
58,-578.5519070532923
59,-151.63125156944457
60,-971.2919075097601
61,3946.610893292152
62,2186.3508617877087
63,10782.039657502848
64,544.4609601148737
65,-1062.8119229588706
66,-1635.6499853443759
