weeks,TE50155
47,101.91743911255382
48,2374.6994752366513
49,823.628303720397
50,155.93703948516182
51,2272.569185193624
52,611.9675129662684
53,2027.9669520142907
54,1218.040309932344
55,1106.468835271331
56,1936.6180657704049
57,1025.392222925748
58,1247.208311962027
59,1821.6077025136096
60,1081.513404222666
61,507.91956893355893
62,2192.278699198563
63,477.7046444119687
64,1504.3259978553206
65,1385.372558450995
66,1148.4845899213342
