weeks,TE50248
47,26.707814241187016
48,6.822681291881094
49,7.635325710586445
50,0.6143113530329253
51,-0.2901424090619129
52,0.6247627751591172
53,-2.7594956013455834
54,0.08296484141272586
55,2.078329574174117
56,-1.3501918503606647
57,1.1351419424564926
58,-0.37116983939813103
59,-1.5317573562897957
60,0.5111583798221012
61,-2.205143163124318
62,-0.6709076112074583
63,-0.40414861033744687
64,-0.3836715803081822
65,-0.16981984035248407
66,-2.232809775492421
