weeks,TE50274
47,0.37789030831390735
48,12.671000640904742
49,-14.755602385100746
50,15.754543250114974
51,17.24117373278479
52,-1.9105005760484124
53,22.546867576412957
54,2.408351674444498
55,0.5720376377425289
56,14.443563416143354
57,-16.140268602942488
58,18.6400389891864
59,23.671737332402955
60,-2.4560071867379873
61,29.039966173131706
62,4.161801814744433
63,5.151309261121451
64,0.966401385780002
65,-8.318755006487109
66,356.53922619224886
