weeks,TE50221
47,1830.155129408788
48,562.2179970952141
49,843.4403559363155
50,1109.878364726611
51,2771.146856899984
52,1655.2640970188436
53,1200.0872260725164
54,806.4840617662153
55,5189.3842511644125
56,488.09187204475717
57,44.95659112040987
58,27.42360566891975
59,475.99089266177015
60,1714.5536159505943
61,307.2585529121312
62,-394.65518057971826
63,799.386917382328
64,431.26328640519733
65,3170.215975578912
66,55.44101974745169
