weeks,TE50047
47,5594.120028229041
48,5041.853710938986
49,1080.4660603468108
50,10840.928010527006
51,4367.121184968409
52,7166.05937593551
53,3983.1195215036087
54,12454.042288287787
55,4790.678349875568
56,2932.4238185438953
57,4580.887823047361
58,8006.419873714329
59,5963.23329940281
60,2142.132944760414
61,9102.87880760565
62,6074.982872345543
63,12019.482349809376
64,4484.053859609612
65,15700.915580531779
66,4648.155357697278
