weeks,TE50349
47,33.805709385581714
48,19.80634671200181
49,10.504781248573607
50,47.243381542376454
51,29.233526097248415
52,65.83961889409255
53,20.62389468704165
54,13.256378151154848
55,42.09038723437473
56,10469.187984650622
57,-9.65584438561908
58,-31.711890569956836
59,-62.496139077937585
60,-123.00050630902643
61,36.38247403041436
62,-12.031970464178755
63,69.79670180287918
64,101.08217326875871
65,-59.42857660625765
66,43.97256925347236
