weeks,TE50038
47,62.08288945116884
48,859.9180040995975
49,305.2210530594116
50,808.699994431223
51,285.7011083088347
52,991.8776501671931
53,260.499206844871
54,869.5463926706402
55,65.08408820566453
56,1555.4371285944987
57,550.854862667657
58,1035.193197511829
59,293.3187760500109
60,1963.5292668021036
61,-32.49012459024249
62,1033.768496546803
63,371.0192039588733
64,1310.9381741008149
65,560.0057104212875
66,881.1895500343041
