weeks,TE50098
47,8834.072264791896
48,8015.513981805705
49,3536.923374869778
50,8102.643229130589
51,6182.3998430770525
52,13875.502668964964
53,4639.658442042226
54,7659.84250755085
55,7015.252969539254
56,11005.885606819043
57,8517.211364801127
58,7654.373183599849
59,7643.767593778696
60,4334.059574380735
61,16837.218479642437
62,4477.748393424683
63,15253.51243625868
64,-707.7893289580295
65,26165.55869790839
66,2189.799137527967
