weeks,TE50204
47,2026.7740975853212
48,-4633.824579718064
49,35319.31923614937
50,164056.25500277552
51,161305.6847290441
52,153944.69765218266
53,157408.2708418917
54,159732.2732261034
55,158562.46439978888
56,-223524.70518800034
57,1638763.7110182438
58,7636471.823033304
59,7510534.605506674
60,7233797.867736461
61,7300980.782846776
62,7489988.996163493
63,7307359.9240342295
64,7461929.131703781
65,7395873.643016932
66,7692091.212517577
