weeks,TE50166
47,-1798.0710522202503
48,4210.082416332214
49,14450.36385314795
50,461.4260998556464
51,9596.04703659935
52,9814.36460186671
53,-981.7705624054861
54,-390.6901874661822
55,6938.369464968538
56,998.9287313419709
57,797.6487065572184
58,9679.940152045892
59,1208.3913606659994
60,1574.245277453651
61,7884.03776392707
62,-296.35782669519864
63,518.230334733721
64,2411.6616446637377
65,-489.0540930791277
66,1648.2896469689083
