weeks,TE50114
47,-250.35771008579792
48,424.7220664020466
49,2756.2568125277803
50,2135.582638459948
51,2166.6777768800157
52,3871.1979859241706
53,2772.985394167246
54,722.257370047612
55,-168.20810199158484
56,508.9312756364834
57,3487.891592619795
58,2651.5544610824822
59,2189.299474440031
60,3474.5880412084853
61,3324.336011729009
62,1214.601463349731
63,-1405.5843861942594
64,-774.18390889701
65,-242.9191216955426
66,-675.0707757593182
