weeks,TE50115
47,14215.358594493338
48,10035.202822687861
49,29530.833802951332
50,23622.83581729248
51,10150.79515849027
52,16509.95086585271
53,34072.661170696876
54,17012.377657962945
55,18920.016059157944
56,29488.735037315717
57,11414.54861732185
58,5526.703281918899
59,26215.514433613334
60,21468.055082155515
61,2944.556252443218
62,21036.15788165344
63,29954.81542985356
64,16591.945860228432
65,19511.59651671533
66,22571.904360191653
