weeks,TE50068
47,38040.434027676645
48,50378.77551498201
49,-1010.5726729884857
50,76656.70022142866
51,37207.5508606335
52,64867.42374083151
53,68304.66530901894
54,6979.664392321213
55,78291.60889776841
56,39661.499129888995
57,29743.969114545882
58,24031.34373694697
59,28553.442940707326
60,107529.07207059846
61,17236.86089509419
62,28479.995941783025
63,73728.1709209693
64,62286.0760378379
65,65707.24375541373
66,30297.476643492235
