weeks,TE50208
47,38.61134578242855
48,106.6919572745404
49,143.17995867102576
50,278.8728996853546
51,124.72022315903453
52,75.796538851205
53,142.86385168240804
54,-19.40753656389526
55,-6.80560324707448
56,28.36431189081484
57,3.5952302869090857
58,2.52063697785562
59,6.237567352284628
60,980.5520649006481
61,26.621475176446353
62,29.47967046843239
63,26.918336952277294
64,-28.13267932622016
65,-6.651958435811487
66,787.0093235325041
