weeks,TE50153
47,6870.741207758477
48,5666.222552203647
49,6048.631095903802
50,6573.478964583664
51,6958.143132656381
52,6754.237739793982
53,9217.675264281146
54,2558.2422321650215
55,5588.752183732942
56,8648.376779173466
57,3469.6406306051053
58,9025.780799618567
59,6291.365899723553
60,5278.851673332398
61,8524.922042049484
62,3147.404014113845
63,7401.837698703689
64,9437.376477329197
65,7204.068510526367
66,9676.968076707208
