weeks,TE50247
47,1.4712642133278961
48,-1.7414375930147423
49,0.6262418114421353
50,-0.35610093378304897
51,-1.7044598029744198
52,0.6867035213340563
53,-2.339201916637242
54,-0.6143296400088344
55,1.4515548430295364
56,-1.7418128658526395
57,0.6075129225734057
58,-0.32576915189144773
59,-1.7038325187023653
60,0.672247592283951
61,-2.3290284781759594
62,-0.6490635666730051
63,-0.2853603595763961
64,-0.5992817454386348
65,-0.32475948492020845
66,-2.2622479002917824
