weeks,TE50335
47,2879.9254717123345
48,2420.789178208759
49,1019.601386243246
50,796.3234959017963
51,3963.9511070957124
52,952.6274989768243
53,2630.719867234892
54,2024.4637619576197
55,2136.6549792602286
56,1270.4136749741185
57,1360.2472345676929
58,713.0084698157106
59,248.1299128021265
60,1506.2132467940019
61,171.11534527947254
62,2464.090427616301
63,1087.287159324403
64,1719.9117086341003
65,-129.51039603497662
66,1688.357043443657
