weeks,TE50083
47,463.38208225289287
48,615.0620468788482
49,1068.54716921852
50,734.2225105790559
51,927.9849387298425
52,502.02329157011184
53,26.9594414537983
54,415.7239230444395
55,589.4380593528492
56,1171.51772348349
57,913.429319143924
58,28.508236999279887
59,8.678465334023628
60,426.7963716857911
61,813.1074488816615
62,205.0959930591607
63,237.34628918855324
64,388.9631702299908
65,1062.9059714468924
66,993.5967118907453
