weeks,TE50086
47,27553.118742827064
48,6998.671781687929
49,4405.882841943456
50,15174.2070447546
51,1961.8052156425222
52,24205.541213853536
53,9938.650489848731
54,38751.42077871252
55,13045.397799771456
56,5177.505775378661
57,6729.19147115508
58,1661.658611003709
59,30314.438684426146
60,9996.149504600198
61,7428.278310545045
62,17325.844497984002
63,14979.527750708212
64,7672.988075146891
65,18745.020992683698
66,5420.284779587376
