weeks,TE50245
47,0.29639670766824416
48,0.14456228056295306
49,0.3222521402265347
50,0.0832594556451296
51,-0.21508075123029557
52,-0.5012365931745297
53,-0.07577750155111751
54,0.5199137265636584
55,0.32176288487447335
56,0.09748947627555374
57,0.3252283930488647
58,0.07127086268546151
59,-0.2535593554039964
60,-0.4718516501010443
61,-0.1303582795298281
62,0.4920554134509674
63,0.39909846305390917
64,0.4822872445406783
65,-0.1894264678537519
66,-0.35641445443696634
