weeks,TE50102
47,7493.460502259163
48,4575.978682457527
49,5354.249642348966
50,3969.8174803980733
51,7783.451394274129
52,5625.144691847236
53,5988.4019378083
54,4264.7570909554315
55,5572.549329600971
56,5319.34894189167
57,6279.236613795249
58,4345.567673540287
59,7154.5191576161205
60,5310.927095330159
61,6402.523481217705
62,3770.6877726307757
63,8011.895921977452
64,8026.995474508436
65,9750.721908904081
66,3399.7936247102894
