weeks,TE50014
47,1790.2779322943475
48,2433.200562124556
49,1054.4237009730052
50,2168.844432931992
51,1605.9561572699793
52,1219.6451405963307
53,2167.9725040676276
54,948.2708570313919
55,2077.024392772925
56,1605.4272253694692
57,2092.8758212271587
58,1415.649172490599
59,1726.7286415164729
60,1484.6658887409249
61,1942.1642546217497
62,1360.0038264748302
63,1467.9905750162484
64,2058.061327581421
65,907.6769834791925
66,1759.473134822009
