weeks,TE50118
47,433.3758431404045
48,1375.82125323175
49,1013.2201722904649
50,2355.465098976543
51,3072.9287934288964
52,1066.057185753885
53,3743.7701520268197
54,2843.800756686238
55,1734.7154396690694
56,1767.0397075130124
57,620.4775738783655
58,2000.939265562447
59,2144.157196077695
60,2933.6689818540995
61,2925.701644406839
62,3170.5809193240857
63,3562.039016127606
64,2458.6633499522222
65,4264.17202119168
66,1935.8947884800343
