weeks,TE50025
47,8071.211646096237
48,31365.466432228997
49,19533.323593837227
50,27622.220526129295
51,12110.153949399866
52,9807.002066241823
53,34280.87138264266
54,14623.573578827905
55,22708.469418958655
56,16725.82268020705
57,20541.011391843604
58,28966.64524432766
59,6932.115751492025
60,15338.820236669146
61,11559.241654336298
62,18977.490116553985
63,14510.301234125496
64,17598.589908366517
65,23891.841322191416
66,25682.73743702596
