weeks,TE50063
47,7346.352463747761
48,6305.3999672209775
49,10351.692236800294
50,11476.20502558425
51,4037.401102124417
52,9176.998911439487
53,7817.557507353328
54,4216.670328622596
55,5845.894496638382
56,11059.023176698149
57,8660.849673959023
58,6075.5961209144725
59,8891.064239922378
60,7584.783893159835
61,3204.640381136221
62,7973.56855971857
63,9550.015455250541
64,6192.700580564595
65,6741.46703968084
66,6817.780600415969
