weeks,TE50064
47,67.7705552208057
48,104.26150578300559
49,-91.7951901831525
50,182.8090432756258
51,126.48631546780415
52,48.801228966425874
53,18.412255395384275
54,-40.93680805896142
55,230.26451930854972
56,61.0938797825072
57,3.363497588505981
58,44.399780289212295
59,116.33642896226765
60,104.406110349325
61,22.16995954891286
62,58.542999012587515
63,-3.371591400143296
64,298.5717897872277
65,-23.662629311216506
66,16.925942856985017
