weeks,TE50241
47,664.1829094607781
48,224.99933428914187
49,111.08028558032194
50,163.31887927012872
51,12.904046765593502
52,7.2149166725024685
53,-33.39400006729687
54,113.48357361910622
55,89.10274964272492
56,28.281367401585534
57,4.08901843119804
58,196.2186493304262
59,18.043832351128653
60,79.1036303925646
61,82.44686883519918
62,55.56119160084325
63,8.54334261969986
64,-6.22738029980128
65,57.90592289496736
66,33.11142682561869
