weeks,TE50082
47,13964.896771280235
48,27237.472865159194
49,25723.504227960977
50,27575.424430217925
51,12145.22838957831
52,13285.192475054324
53,12678.784552784387
54,42187.2978158855
55,25332.474424421063
56,22038.882254055392
57,25870.517389317258
58,16677.39742878918
59,17209.39161785222
60,13527.20497220255
61,21858.886457043693
62,28600.421824665005
63,28260.263838199895
64,21443.39731020983
65,19554.914629972696
66,19324.829223094843
