weeks,TE50185
47,8416.361731521785
48,13710.496711433907
49,9010.762273965021
50,7731.043794241313
51,12195.488089250413
52,15028.790396669543
53,12760.682977281414
54,9315.501797967221
55,20855.674559169584
56,14850.282331693037
57,10119.035897325126
58,12777.414413797085
59,6520.420221777868
60,4880.826339716808
61,11870.907009900804
62,17187.41592786072
63,11920.982518543799
64,6135.700817320831
65,5703.723220481436
66,22537.448979469467
