weeks,TE50074
47,4409.483367988825
48,23738.61580426867
49,8495.368224681539
50,-527.652270118748
51,13839.57490113865
52,8947.751152821673
53,-397.6475905766281
54,6772.5128111498525
55,12858.114230154079
56,3550.2761174550756
57,2788.36974366176
58,7225.882035858697
59,4612.747102532432
60,-1272.170239803349
61,12397.14610131898
62,6836.367818818334
63,3121.324599891387
64,9703.69865666155
65,11362.490328628845
66,4634.099038417563
