weeks,TE50112
47,2589.1179748280474
48,5053.183666630831
49,3549.091434735943
50,4798.376217857114
51,4636.429294492987
52,3409.452610007549
53,6317.544466581455
54,1705.4725792508596
55,3627.3813098350597
56,5161.16777291503
57,4051.8964809355566
58,6216.84813766059
59,4587.30877887731
60,5002.695474513278
61,6768.145685577568
62,1805.7516957551125
63,4806.958055086462
64,3875.424435236171
65,4696.041163534379
66,6093.710686809545
