weeks,TE50209
47,324.89026416003173
48,-40.555231298974306
49,1019.8907169397266
50,251.83913334884608
51,259.72158114857336
52,666.9367859855001
53,-18.864023445567245
54,787.1795560900428
55,-144.91887945666517
56,298.8919671358223
57,513.8817646492308
58,98.91844336285281
59,839.0700191570099
60,-30.13652646701688
61,428.8562940445823
62,184.89135880124718
63,108.46396380788221
64,684.2458200989712
65,-36.828545487161804
66,336.9139728162192
