weeks,TE50127
47,3840.0389030690494
48,11029.870992800077
49,34259.93812915292
50,14844.572772623775
51,19047.284863961526
52,25801.978471761995
53,16311.311862330675
54,41795.317152062475
55,5365.878899603538
56,20526.959998468566
57,43519.071793205236
58,9673.639952972331
59,13981.520772823254
60,37038.52570448899
61,23172.1101179275
62,25675.396394438474
63,17865.98899920234
64,27334.854972665315
65,55073.06847515245
66,20802.605834285918
