weeks,TE50143
47,7744.692605886824
48,2002.2262567353869
49,5313.7874110503035
50,7108.879780973675
51,7545.574892268851
52,4781.448440777963
53,5540.177191007462
54,5286.672913001732
55,6028.884789016396
56,5681.123038924881
57,2967.500359708893
58,6893.79237275259
59,11442.498336856033
60,2832.0169115000585
61,2619.3939591834264
62,9979.323304328133
63,6613.909538524161
64,8007.058979878871
65,4771.78305996964
66,7341.6430673309405
