weeks,TE50015
47,1710.5387999618436
48,1042.3328372215904
49,1343.0126892253297
50,1794.3614913109848
51,1224.2124522377628
52,2040.0251630383932
53,2339.3256991992735
54,1167.2884569470034
55,2522.6336408986667
56,2368.809683904444
57,821.5264384812078
58,2788.2125696094845
59,2228.754727257469
60,903.9764145635163
61,3488.919863493986
62,1622.3074161140155
63,3455.7444673295995
64,2265.7624023700255
65,-4.051585394181984
66,5631.967353290274
