weeks,TE50045
47,12028.679038699249
48,11580.735337391288
49,10201.931950414113
50,8972.017418097836
51,9781.460230275015
52,10494.19948299708
53,11562.359519115316
54,11498.803502380231
55,11096.474465377201
56,11096.794958216891
57,11238.755626908312
58,9472.858464558074
59,10347.965742695978
60,9925.024036012854
61,10241.51566498066
62,10336.372110178545
63,11598.597451460566
64,11845.924432404658
65,11027.388387813058
66,10596.349763459175
