weeks,TE50332
47,25.444924142892376
48,69.0505206412802
49,-77.72836304831726
50,-14.643976384165981
51,1515.231130925808
52,1534.7225961178337
53,1198.751796783857
54,1285.778276227803
55,-27.281223599770158
56,752.6681837667984
57,-682.773136899974
58,192.4656790810144
59,8236.673829013309
60,8509.247447472244
61,7581.2975465073005
62,8014.628009320905
63,8313.995178165533
64,8238.055065142413
65,8155.359074406876
66,8673.967940620789
