weeks,TE50142
47,8379.537020480955
48,4224.911543116799
49,5640.321867803747
50,7639.234826232548
51,4140.724637565025
52,6916.414741481146
53,6774.160668849123
54,6867.769649837544
55,5097.294470931959
56,4896.108403448263
57,4724.33083665455
58,8063.517648694883
59,4299.471742082354
60,7952.848464426791
61,7672.162941242633
62,4378.387490720624
63,8308.506867193937
64,5428.156252732599
65,8200.905720523531
66,7529.455904514064
