weeks,TE50016
47,285.86767922625484
48,-18.65810560371706
49,134.15771460380864
50,188.0068255436381
51,-37.25755011494011
52,90.57850238713155
53,222.06759929193962
54,74.25119086113948
55,65.06277681342839
56,72.12648960594655
57,35.17787274980443
58,126.4184920091432
59,130.11303996733216
60,12.210234137720091
61,94.92240412917754
62,196.60238814600615
63,33.320062901411546
64,64.99144715260178
65,181.1591651908259
66,131.48385015007213
