weeks,TE50147
47,3775.8928846804474
48,2854.296733196968
49,3468.0613184227586
50,2878.807712567931
51,4069.2942482926014
52,3334.569305419593
53,3744.318749915627
54,3236.2281594281953
55,2425.796288490159
56,2429.4981934001435
57,1845.7645305419396
58,2834.4604848313343
59,4927.990352257364
60,4862.836858616945
61,5290.923269033897
62,3809.0897970107417
63,3116.3394942259706
64,2205.0017393265593
65,3538.762306779528
66,5040.0093253577525
