weeks,TE50206
47,2551.853904402208
48,1480.0134208368179
49,3760.0606518976747
50,1490.6961849695995
51,1201.8590619873048
52,1401.1285667759919
53,2181.167013979226
54,1964.0284702695549
55,1320.6651388033613
56,276.614069323757
57,1616.6155748836761
58,2486.31821262608
59,3848.428292957142
60,824.9339414343372
61,3326.111679630488
62,4558.36633849803
63,2252.862596204301
64,3425.077254700597
65,649.0419463196845
66,403.5431302033804
