weeks,TE50234
47,0.8412473411329012
48,-1.0422092855327694
49,0.6579726897797695
50,-0.04705318669300551
51,-1.062402731830238
52,0.35718440825103875
53,-1.6616633423457638
54,-0.4032095362803938
55,0.7362138544071694
56,-0.8833260047520591
57,0.37831710051401746
58,-0.11168853664534784
59,-0.8761136693860943
60,0.2900928179653336
61,-1.2151884630463232
62,-0.4265912172314805
63,-0.21574296744897092
64,-0.31696673727133134
65,-0.08824109288274899
66,-1.177692306922388
