weeks,TE50017
47,505.3775408412919
48,-231.31964524316953
49,-304.1212684669573
50,185.71921294096072
51,-756.0987940506914
52,3055.385458007471
53,3552.819198178377
54,3520.604039368232
55,309.7253689586778
56,34.552868518193335
57,1541.578859380863
58,363.5099273330249
59,820.0795881447547
60,11852.958764563651
61,11422.083054230996
62,11748.912281932047
63,12017.48727673288
64,13158.878389329393
65,5100.35346690754
66,-2412.182132415479
