weeks,TE50066
47,1394.1313716203554
48,8424.577180272861
49,5781.740290057213
50,2685.3635829649916
51,5126.61224629331
52,3702.5427885085373
53,5758.919823549923
54,5786.666235933192
55,12203.87276254805
56,1016.091377606847
57,9590.925787999506
58,7877.129465795794
59,2342.0553757947564
60,4286.995619832365
61,4563.931037771842
62,10700.396287407804
63,1652.814744322497
64,10804.020351396784
65,5068.860973189743
66,7901.360158217425
