weeks,TE50219
47,4170.856712122508
48,1385.131883435646
49,1050.8941814154202
50,1004.5844802376859
51,836.939485700172
52,1755.2492746436455
53,1953.0418894495144
54,987.4609937778554
55,217.1028358431812
56,660.3030377407682
57,896.2609607293289
58,1130.667818512207
59,1008.5385881642774
60,256.2530011676522
61,204.98674585196488
62,185.5998019318283
63,551.2448080616626
64,470.8078450866349
65,322.89720484252433
66,591.7310602472726
