weeks,TE50148
47,6674.819091636321
48,5931.964314031614
49,2436.764303745278
50,739.869133342392
51,4140.100783730078
52,8040.977753462705
53,8908.795710753437
54,3155.7225682887706
55,1882.5400216149703
56,2603.6228275664585
57,4680.554257671558
58,6972.105881048718
59,7355.065408358693
60,2942.5049177666037
61,899.1694354237413
62,4237.769502669198
63,5810.184337350661
64,5086.359192004227
65,4484.026500679275
66,4388.325197224788
