weeks,TE50046
47,2754.834438944243
48,1233.9769445630866
49,701.4712003289084
50,2310.820417599068
51,5091.587897032479
52,6147.31152595693
53,2594.8846910575435
54,842.2409007401286
55,1844.967950603591
56,2796.1657666233928
57,3387.35478098196
58,4056.8717206917886
59,4298.149532131181
60,3116.1511278472103
61,1048.4591377563977
62,-702.5612010529189
63,2402.229207152296
64,4517.9901680719795
65,5575.459120244836
66,3087.972648577893
