weeks,TE50242
47,13516.76049401053
48,10509.395940322456
49,11164.868354161377
50,7210.703744934734
51,15693.461412581772
52,6152.458358474672
53,19956.40028077119
54,11635.628831713797
55,12583.085990159068
56,10141.337279208494
57,9324.562096701495
58,15389.641503982128
59,12983.06378097961
60,8721.803533776805
61,12038.702276452488
62,14333.704056388153
63,19701.30203658857
64,8297.40241333283
65,10617.620057276325
66,14128.901216701928
