weeks,TE50031
47,2964.2566004631494
48,2763.3234452913575
49,2360.0116566811157
50,2964.0157370004417
51,3022.441503406562
52,3305.2871999922572
53,3130.8962503607613
54,2947.8522807339023
55,2391.5964893262185
56,2826.50798630266
57,3330.916110207983
58,2346.4660039191513
59,3066.8877824882425
60,3024.6073184365696
61,3552.6920077638274
62,3121.6390982608427
63,3294.0949565796423
64,3634.7846987326484
65,3772.4207099993746
66,3756.7770972028015
