weeks,TE50107
47,276.04695075163716
48,554.9555845779704
49,750.5077221447992
50,331.6866568915392
51,-57.547738605599385
52,733.4105646024168
53,1075.3196607198865
54,441.6752057874802
55,638.9532072719405
56,756.0380017598859
57,330.2546958211419
58,425.7740436287446
59,1009.6753261567601
60,745.85901937989
61,178.15449317219506
62,607.563389796728
63,1339.2734515447246
64,781.3494815921805
65,425.4355657054819
66,1744.3568889470191
