weeks,TE50094
47,1313.1988529207094
48,461.6819051219225
49,952.8313665825118
50,731.1680840298491
51,597.4650035627569
52,625.5286075291976
53,929.363022100976
54,399.5157640676098
55,1407.38171051802
56,256.25370108927757
57,1128.263379318721
58,317.74392703172674
59,590.3735667226254
60,368.29141555968437
61,712.8118971583754
62,500.4787171466394
63,807.4879556820215
64,526.5464573453291
65,953.5185834370806
66,499.5304840493147
