weeks,TE50157
47,16446.948466466165
48,13867.059902991849
49,16769.635538688057
50,17903.240508902556
51,14650.408195936294
52,18032.920564508313
53,14058.017377488088
54,20266.399737033396
55,13652.185203220997
56,17763.030010863826
57,16350.901498416437
58,14736.218851909924
59,19973.29637929905
60,14638.442415309162
61,17141.17264384428
62,15967.504914779369
63,16344.222239105256
64,23857.900798117887
65,17301.29064247216
66,26324.812396620226
