weeks,TE50097
47,202.9353504665734
48,437.40459646967093
49,685.9454387140577
50,225.7950246086721
51,236.6640520580248
52,714.6624720875523
53,184.4273199983601
54,-20.575316989670398
55,775.8421089710807
56,244.38351547060734
57,328.3021515075103
58,893.7583062418731
59,358.39415759599547
60,-13.312981136654011
61,1026.320113344907
62,390.95959660085884
63,-193.0699783405282
64,760.8842162010543
65,471.73848717018717
66,196.61044037550332
