weeks,TE50062
47,-0.799429670158645
48,2303.009479638489
49,2525.2057231097137
50,4457.177365471904
51,4767.976233151709
52,4473.273625252846
53,1844.1401460618913
54,3656.2905406234877
55,545.783761886161
56,2187.038955952796
57,3203.334940866099
58,4460.841818149538
59,5527.9547996570755
60,1568.6164625659173
61,1310.8861779335566
62,2270.4649431133644
63,3347.4118244616216
64,5885.899300814997
65,5292.38099750431
66,3361.5646779986246
