weeks,TE50190
47,21790.98540657816
48,-20750.800949598794
49,192902.87572040714
50,291412.56424286595
51,516985.11995758984
52,466304.40841382975
53,539616.5604263911
54,537293.3016389137
55,3200255.444823622
56,-3403901.4916458596
57,27024377.455976028
58,40559877.03459023
59,71954912.25124416
60,65356406.55665678
61,75118228.31769042
62,74960054.14489128
63,68856469.64814779
64,72901621.08977763
65,78337711.6426753
66,81617289.42111535
