weeks,TE50027
47,23720153.1716718
48,17706678.341107324
49,42940611.68303668
50,52333253.326863736
51,63667654.5500608
52,72692762.1820978
53,89723112.0874776
54,105489141.5123191
55,41915570.622264765
56,41744181.11995646
57,86275171.94676675
58,80850611.07747
59,60362627.254368916
60,86484518.79320401
61,106388344.60471106
62,102033612.95967454
63,155026342.15287808
64,123026474.0716963
65,37824503.67821097
66,3389585.2712328024
