weeks,TE50325
47,1.4520817664272165
48,-1.6222741984802076
49,0.7595249983611194
50,-0.3366932599371502
51,-1.636662357192077
52,0.6003174781401927
53,-2.1935849855758858
54,-0.6386635733620684
55,1.4338928877880381
56,-1.593989388202253
57,0.761790591574841
58,-0.30423714359187615
59,-1.612443326818587
60,0.5785809213379518
61,-2.1574409518413926
62,-0.6442959163311195
63,-0.31079642004163976
64,-0.6038140371558297
65,-0.2948945958682465
66,-2.102668002836816
