weeks,TE50223
47,1212.0138311574706
48,4447.96374464499
49,96.56395291127959
50,2103.637519948729
51,1219.6936776510715
52,997.8897858570659
53,769.9797156048676
54,1892.7698249394855
55,1374.3820014811809
56,-117.40209869321484
57,1011.3970032690154
58,688.9486051567926
59,389.86242796672707
60,1094.8423578678196
61,318.67490365864603
62,476.6295474050644
63,645.187345015961
64,1294.5501057049512
65,332.8647072348375
66,1355.1586748701793
