weeks,TE50250
47,276.25750048655345
48,334.22449116834025
49,459.80412041457765
50,-726.6335061350809
51,-446.39356325457925
52,-1150.5565541491285
53,929.9354019110117
54,2263.755046957729
55,-3.6104998495508767
56,-595.2123790322855
57,-1109.8420010177647
58,-974.5895786958333
59,-1565.9061744553055
60,-1175.9267938046344
61,1013.0559930508317
62,3797.293157048704
63,4325.201485871767
64,5043.908933803035
65,5420.914619606546
66,9246.42906816287
