weeks,TE50039
47,4016.889508048473
48,214.75426006732158
49,2381.6047527179435
50,3798.267058210308
51,2117.3483065059736
52,905.3598023051355
53,692.178148160744
54,782.3546448256805
55,1467.1300712635177
56,3289.736635866335
57,435.83607914350034
58,2078.550237619747
59,1434.3590232673205
60,2413.7548854732995
61,993.4649847036865
62,1185.409822890371
63,3288.4529512752597
64,870.9376365212353
65,2423.059907406767
66,1950.7859151335276
